VIDEO,LABEL
D0001B.mp4,địa chỉ
D0001T.mp4,địa chỉ
D0001N.mp4,địa chỉ
D0002.mp4,tỉnh
D0003.mp4,tiếp tân
D0004.mp4,nhân viên
D0005T.mp4,Miến Điện (nước Mi-an-ma)
D0005B.mp4,Miến Điện (nước Mi-an-ma)
D0006.mp4,Ma Cao
D0005N.mp4,Miến Điện (nước Mi-an-ma)
D0007.mp4,Do Thái
D0009.mp4,phương Tây
D0008.mp4,Ả Rập (nước Ả Rập)
D0010.mp4,phương Đông
D0011.mp4,Đu Bai (nước Đu Bai)
D0012.mp4,Albania (nước Albania)
D0013.mp4,người nước ngoài
D0014.mp4,nhập khẩu
D0015.mp4,Tuy Hoà
D0016.mp4,Quy Nhơn
D0017.mp4,hấp dẫn
D0019B.mp4,ghen tị
D0018.mp4,nổi da gà
D0019T.mp4,ghen tị
D0020B.mp4,lung tung
D0019N.mp4,ghen tị
D0020N.mp4,lung tung
D0021.mp4,hói đầu
D0020T.mp4,lung tung
D0022.mp4,cười nhếch mép
D0023.mp4,cười vỡ bụng
D0024B.mp4,tham ăn
D0024N.mp4,tham ăn
D0024T.mp4,tham ăn
D0026.mp4,thèm
D0027.mp4,thèm rỏ dãi
D0028.mp4,đứng đầu (hàng đầu)
D0029N.mp4,thói quen
D0029T.mp4,thói quen
D0029B.mp4,thói quen
D0030.mp4,khuyến khích
D0031N.mp4,không nghe lời
D0031B.mp4,không nghe lời
D0031T.mp4,không nghe lời
D0032.mp4,ai cho
D0033B.mp4,không cho
D0034.mp4,không cần
D0033N.mp4,không cho
D0033T.mp4,không cho
D0035B.mp4,không nên
D0035N.mp4,không nên
D0035T.mp4,không nên
D0036.mp4,bực mình
D0037.mp4,tự giác
D0038.mp4,mù chữ
D0039.mp4,vô tình
D0040B.mp4,Tết hàn thực
D0040N.mp4,Tết hàn thực
D0040T.mp4,Tết hàn thực
D0041.mp4,giỗ
D0042B.mp4,ngày Quốc tế phụ nữ 8/3
D0042N.mp4,ngày Quốc tế phụ nữ 8/3
D0042T.mp4,ngày Quốc tế phụ nữ 8/3
D0043N.mp4,ngày giải phóng thủ đô 10/10
D0043B.mp4,ngày giải phóng thủ đô 10/10
D0043T.mp4,ngày giải phóng thủ đô 10/10
D0044B.mp4,ngày Giải phóng miền Nam 30/4
D0044N.mp4,ngày Giải phóng miền Nam 30/4
D0044T.mp4,ngày Giải phóng miền Nam 30/4
D0045B.mp4,ngày Người khuyết tật Việt Nam 18/4
D0045N.mp4,ngày Người khuyết tật Việt Nam 18/4
D0045T.mp4,ngày Người khuyết tật Việt Nam 18/4
D0046B.mp4,ngày Người khuyết tật Thế giới 3/12
D0046N.mp4,ngày Người khuyết tật Thế giới 3/12
D0046T.mp4,ngày Người khuyết tật Thế giới 3/12
D0048B.mp4,lễ Halloween 31/10
D0048N.mp4,lễ Halloween 31/10
D0048T.mp4,lễ Halloween 31/10
D0049B.mp4,ngày Phụ nữ Việt Nam 20/10
D0049N.mp4,ngày Phụ nữ Việt Nam 20/10
D0049T.mp4,ngày Phụ nữ Việt Nam 20/10
D0050B.mp4,ngày thương bình liệt sĩ 27/7
D0050N.mp4,ngày thương bình liệt sĩ 27/7
D0050T.mp4,ngày thương bình liệt sĩ 27/7
D0051N.mp4,ngày giỗ tổ Hùng Vương (âm lịch 10/3)
D0051B.mp4,ngày giỗ tổ Hùng Vương (âm lịch 10/3)
D0051T.mp4,ngày giỗ tổ Hùng Vương (âm lịch 10/3)
D0052N.mp4,ngày Ngôn ngữ kí hiệu Quốc tế 23/9
D0052B.mp4,ngày Ngôn ngữ kí hiệu Quốc tế 23/9
D0052T.mp4,ngày Ngôn ngữ kí hiệu Quốc tế 23/9
D0053B.mp4,tuần lễ người Điếc thế giới
D0053N.mp4,tuần lễ người Điếc thế giới
D0053T.mp4,tuần lễ người Điếc thế giới
D0054B.mp4,ngày của Mẹ
D0054T.mp4,ngày của Mẹ
D0054N.mp4,ngày của Mẹ
D0055B.mp4,ngày của Cha
D0055N.mp4,ngày của Cha
D0055T.mp4,ngày của Cha
D0056B.mp4,ngày gia đình Việt Nam 28/6
D0056N.mp4,ngày gia đình Việt Nam 28/6
D0056T.mp4,ngày gia đình Việt Nam 28/6
D0057B.mp4,ngày thầy thuốc Việt Nam
D0057N.mp4,ngày thầy thuốc Việt Nam
D0057T.mp4,ngày thầy thuốc Việt Nam
D0058B.mp4,ngày thành lập quân đội nhân dân Việt Nam
D0058N.mp4,ngày thành lập quân đội nhân dân Việt Nam
D0059.mp4,con cá sấu
D0058T.mp4,ngày thành lập quân đội nhân dân Việt Nam
D0060B.mp4,nhầm
D0060N.mp4,nhầm
D0060T.mp4,nhầm
D0061.mp4,đồng bằng sông Cửu Long
D0062.mp4,đồng bằng sông Hồng
D0063.mp4,đồng bằng duyên hải miền Trung
D0064.mp4,buồn thảm
D0065B.mp4,mách
D0065N.mp4,mách
D0065T.mp4,mách
D0066B.mp4,vô duyên
D0066N.mp4,vô duyên
D0066T.mp4,vô duyên
D0067.mp4,ti hí mắt
D0070.mp4,hú vía
D0068.mp4,kịp thời
D0069.mp4,bối rối
D0071.mp4,suỵt
D0072N.mp4,suýt
D0072B.mp4,suýt
D0072T.mp4,suýt
D0073.mp4,cá voi
D0074.mp4,cá kiếm
D0075.mp4,đuôi cá
D0076.mp4,đuôi chuột
D0077B.mp4,bít tết (bò)
D0077N.mp4,bít tết (bò)
D0077T.mp4,bít tết (bò)
D0078.mp4,súp
D0079.mp4,súp lơ
D0080B.mp4,mỳ tôm
D0080N.mp4,mỳ tôm
D0080T.mp4,mỳ tôm
D0081B.mp4,mỳ vằn thắn
D0082B.mp4,mỳ ý
D0082N.mp4,mỳ ý
D0082T.mp4,mỳ ý
D0084.mp4,bún chả
D0083.mp4,bún mắm
D0085.mp4,bún ngan
D0087B.mp4,bún đậu
D0086.mp4,bún ốc
D0088.mp4,xôi gấc
D0089.mp4,xôi gà
D0090.mp4,cháo sườn
D0091.mp4,cơm rang
D0092.mp4,nhấn mạnh
D0093.mp4,đạo diễn
D0094.mp4,thí nghiệm
D0095.mp4,cắm trại
D0096.mp4,khả năng
D0097.mp4,kỹ năng
D0098.mp4,có … không?
D0099.mp4,cung cấp
D0100.mp4,khờ dại
D0101.mp4,cực khổ
D0102.mp4,may mắn
D0103N.mp4,từ chối
D0103T.mp4,từ chối
D0103B.mp4,từ chối
D0104.mp4,nấu nướng
D0107.mp4,rực rỡ
D0105.mp4,xoa đầu
D0108B.mp4,thiệp sinh nhật
D0108N.mp4,thiệp sinh nhật
D0108T.mp4,thiệp sinh nhật
D0109B.mp4,không quen
D0109N.mp4,không quen
D0109T.mp4,không quen
D0110.mp4,bánh tráng
D0111B.mp4,tương ớt
D0111N.mp4,tương ớt
D0111T.mp4,tương ớt
D0112.mp4,không có
D0113.mp4,không có chi
D0114.mp4,dân chủ
D0115.mp4,xử lý
D0116.mp4,đất ruộng
D0117.mp4,tinh mắt
D0119B.mp4,đúng không?
D0118.mp4,cũng vậy/cũng thế
D0119N.mp4,đúng không?
D0119T.mp4,đúng không?
D0120B.mp4,phải không?
D0120N.mp4,phải không?
D0120T.mp4,phải không?
D0121.mp4,còn bạn?
D0122B.mp4,cần không?
D0122N.mp4,cần không?
D0122T.mp4,cần không?
D0123N.mp4,nên không?
D0123B.mp4,nên không?
D0123T.mp4,nên không?
D0124.mp4,kia
D0125.mp4,nóng tính
D0126.mp4,sợ không?
D0127.mp4,căm thù
D0128B.mp4,đẹp không? (người)
D0128N.mp4,đẹp không? (người)
D0129B.mp4,không đẹp
D0128T.mp4,đẹp không? (người)
D0129N.mp4,không đẹp
D0129T.mp4,không đẹp
D0130.mp4,chúng tôi (2 người) (đại từ)
D0131.mp4,chúng tôi (3 người) (đại từ)
D0132.mp4,chúng tôi (4 người) (đại từ)
D0133.mp4,chúng tôi (5 người) (đại từ)
D0134.mp4,chúng tôi (đại từ)
D0135.mp4,các bạn (2 người)
D0136.mp4,họ (2 người) (đại từ)
D0137.mp4,họ (đại từ)
D0138.mp4,bạn yêu tôi
D0139.mp4,tôi yêu bạn ấy
D0140.mp4,bạn ấy yêu tôi
D0141.mp4,bạn yêu bạn ấy
D0142.mp4,bạn ấy yêu bạn
D0143B.mp4,"anh hai, anh cả"
D0143N.mp4,"anh hai, anh cả"
D0143T.mp4,"anh hai, anh cả"
D0144B.mp4,"chị hai, chị cả"
D0144N.mp4,"chị hai, chị cả"
D0144T.mp4,"chị hai, chị cả"
D0145.mp4,quả bầu hồ lô
D0146.mp4,một là
D0147.mp4,hai là
D0148.mp4,ba là
D0149.mp4,bốn là
D0150.mp4,năm là
D0151B.mp4,ông bà
D0151N.mp4,ông bà
D0151T.mp4,ông bà
D0152B.mp4,chị họ
D0152N.mp4,chị họ
D0152T.mp4,chị họ
D0153B.mp4,em họ
D0153N.mp4,em họ
D0153T.mp4,em họ
D0154B.mp4,cháu họ
D0154N.mp4,cháu họ
D0154T.mp4,cháu họ
D0155B.mp4,sống sót
D0155N.mp4,sống sót
D0155T.mp4,sống sót
D0156.mp4,thường xuyên
D0156B.mp4,thường xuyên
D0156N.mp4,thường xuyên
D0156T.mp4,thường xuyên
D0157B.mp4,đi dạo
D0157N.mp4,đi dạo
D0157T.mp4,đi dạo
D0158N.mp4,về (Sài Gòn)
D0159B.mp4,về 2 (Miền Bắc)
D0159T.mp4,về 2 (Miền Bắc)
D0160.mp4,về 3 (đi về)
D0161.mp4,về 4 (từ nơi khác về)
D0162.mp4,về 5 (về nhà)
D0163N.mp4,hẹn
D0163B.mp4,hẹn
D0163T.mp4,hẹn
D0164.mp4,quyến luyến
D0165B.mp4,hứa
D0165N.mp4,hứa
D0165T.mp4,hứa
D0166.mp4,cùng / với (giới từ)
D0167.mp4,lâu
D0167B.mp4,lâu
D0168B.mp4,vẫn
D0168N.mp4,vẫn
D0168T.mp4,vẫn
D0169B.mp4,mỗi ngày
D0169N.mp4,mỗi ngày
D0169T.mp4,mỗi ngày
D0170B.mp4,hàng ngày
D0170N.mp4,hàng ngày
D0170T.mp4,hàng ngày
D0171.mp4,ăn vú sữa (bằng thìa)
D0172.mp4,ăn vú sữa
D0173.mp4,hôi
D0174.mp4,trông nhà
D0175.mp4,chạy (động vật)
D0178.mp4,chậm chạp
D0176.mp4,xe container
D0177.mp4,bay nhanh (máy bay)
D0179.mp4,ngừng lại
D0180.mp4,5 > 3 (Toán học)
D0181.mp4,2 < 6 (Toán học)
D0182N.mp4,cung điện
D0182B.mp4,cung điện
D0182T.mp4,cung điện
D0183.mp4,dừng lại
D0185.mp4,kẹt xe/tắc đường
D0184.mp4,một ít/ một chút
D0186.mp4,suy ra (Toán học)
D0188B.mp4,hoặc
D0187.mp4,thì thầm
D0188N.mp4,hoặc
D0188T.mp4,hoặc
D0189B.mp4,muốn không?
D0189N.mp4,muốn không?
D0189T.mp4,muốn không?
D0190B.mp4,không muốn
D0190N.mp4,không muốn
D0190T.mp4,không muốn
D0191.mp4,sa mạc
D0192B.mp4,xem
D0192N.mp4,xem
D0192T.mp4,xem
D0193.mp4,núi cao
D0194.mp4,núi thấp
D0195B.mp4,đẹp không?
D0195N.mp4,đẹp không?
D0195T.mp4,đẹp không?
D0196.mp4,xem đã
D0198.mp4,không ngon
D0197.mp4,mồ hôi nhễ nhại
D0199.mp4,hài lòng
D0200.mp4,má hồng
D0201.mp4,ngập ngừng
D0202.mp4,nói ngập ngừng
D0203.mp4,Võ Thị Sáu
D0204.mp4,mít tinh
D0205.mp4,sụp đổ
D0206B.mp4,thiếu thốn
D0206T.mp4,thiếu thốn
D0206N.mp4,thiếu thốn
D0207.mp4,xuyên Việt
D0209B.mp4,dám làm
D0208.mp4,khổ công
D0209N.mp4,dám làm
D0209T.mp4,dám làm
D0210B.mp4,không dám
D0210N.mp4,không dám
D0210T.mp4,không dám
D0211.mp4,phiền hà
D0212.mp4,đèn ông sao
D0213B.mp4,ung thư
D0213N.mp4,ung thư
D0213T.mp4,ung thư
D0214B.mp4,phó hiệu trưởng
D0214N.mp4,phó hiệu trưởng
D0214T.mp4,phó hiệu trưởng
D0215.mp4,Ô-lim-píc
D0216.mp4,vòng nguyệt quế
D0217.mp4,hữu nghị
D0218.mp4,bắn cung tên
D0219.mp4,mũi tên
D0220.mp4,cung tên
D0222.mp4,nứt nẻ (ruộng)
D0223B.mp4,Mã Lai (nước Ma-lai-xi-a)
D0221.mp4,tận số
D0223N.mp4,Mã Lai (nước Ma-lai-xi-a)
D0223T.mp4,Mã Lai (nước Ma-lai-xi-a)
D0224.mp4,số La Mã (Toán học)
D0225.mp4,Long Vương
D0226.mp4,đàng hoàng
D0227.mp4,phân vân
D0228.mp4,lau miệng
D0229.mp4,chó cắn
D0230.mp4,mèo cào
D0231.mp4,quan hệ từ
D0233.mp4,quan (chức vụ)
D0234.mp4,đi tuần
D0232.mp4,yêu nước Việt Nam
D0235.mp4,vỗ về
D0236.mp4,hốt hoảng
D0237.mp4,chuyện nhỏ
D0238.mp4,chuyện lớn
D0239.mp4,cái gùi
D0240.mp4,hùng vĩ
D0241.mp4,bất khuất
D0242B.mp4,nhưng
D0242N.mp4,nhưng
D0242T.mp4,nhưng
D0243B.mp4,hay là (hoặc là)
D0243N.mp4,hay là (hoặc là)
D0243T.mp4,hay là (hoặc là)
D0244.mp4,Thăng Long
D0245.mp4,dãy núi Hoàng Liên Sơn
D0246.mp4,quanh năm
D0247.mp4,gấp đôi
D0248.mp4,gấp ba
D0249B.mp4,chia đôi
D0249N.mp4,chia đôi
D0249T.mp4,chia đôi
D0250B.mp4,chia ba
D0250N.mp4,chia ba
D0250T.mp4,chia ba
D0251.mp4,"đi lạc (đường, rừng..)"
D0252.mp4,mất (chết) (chỉ người)
D0253.mp4,đại sứ
D0255.mp4,giám sát
D0254.mp4,cảnh giác
D0256.mp4,quan sát
D0258.mp4,xảy ra
D0257.mp4,ăn vụng
D0259.mp4,dự án
D0260.mp4,đầu tư
D0261.mp4,năn nỉ
D0262.mp4,háo hức
D0263.mp4,rắc rối
D0265.mp4,nhõng nhẽo
D0264.mp4,tải về
D0266.mp4,hên/gặp may
D0268N.mp4,xui xẻo
D0267B.mp4,đen đủi
D0269.mp4,long lanh (mắt)
D0270B.mp4,lạnh lùng
D0270N.mp4,lạnh lùng
D0270T.mp4,lạnh lùng
D0271B.mp4,dỗi
D0271N.mp4,dỗi
D0271T.mp4,dỗi
D0272B.mp4,liếc nhìn
D0272N.mp4,liếc nhìn
D0272T.mp4,liếc nhìn
D0274.mp4,nhổ râu
D0273.mp4,nhổ tóc
D0275.mp4,nhổ lông mày
D0276.mp4,cắt lông mũi
D0277.mp4,nhổ răng
D0278.mp4,răng hô
D0279.mp4,răng khểnh
D0280.mp4,kháu khỉnh
D0281.mp4,mọc tóc
D0282.mp4,mọc râu
D0283.mp4,mọc ria mép
D0284.mp4,Cô vy (covid)
D0286.mp4,cách ly
D0285.mp4,Cố đô Huế
D0287.mp4,giãn cách xã hội
D0288.mp4,tương lai
D0289.mp4,ria mép
D0290.mp4,trong khoảng
D0291.mp4,trốn tìm
D0292.mp4,nhảy bao bố
D0293.mp4,nhảy lò cò
D0294.mp4,kéo co
D0296.mp4,lý do
D0295.mp4,hội thoại
D0298.mp4,lớn hơn 2 (Toán học)
D0297.mp4,lớn hơn 1 (Toán học)
D0299.mp4,2 < 5 (Toán học)
D0300.mp4,tỉnh táo
D0301.mp4,nhộn nhịp (đông người)
D0302.mp4,áo kẻ sọc
D0303.mp4,đất nước bị chia cắt (Việt Nam)
D0304.mp4,thống nhất đất nước
D0305.mp4,khoáng sản
D0306.mp4,thương mại
D0307B.mp4,công nghiệp
D0307N.mp4,công nghiệp
D0307T.mp4,công nghiệp
D0308.mp4,dân tộc Chăm
D0309.mp4,dân tộc Mường
D0310.mp4,dân tộc Khơ me
D0311.mp4,dân tộc Thái
D0312.mp4,dân tộc Mông
D0313.mp4,nhà rông
D0314.mp4,lãng phí
D0315.mp4,tiến bộ
D0316.mp4,Lượm
D0317.mp4,cứu sống
D0318.mp4,máy xúc
D0319.mp4,cảng Hải Phòng
D0320.mp4,cảng Sài Gòn
D0322.mp4,phân biệt
D0321.mp4,kim cương
D0323.mp4,không bình đẳng
D0324.mp4,đùm bọc
D0325.mp4,khởi nghiệp
D0326B.mp4,vải lụa
D0326N.mp4,vải lụa
D0326T.mp4,vải lụa
D0327.mp4,lượt đi
D0328.mp4,lượt về (trong thể thao)
D0329.mp4,rau diếp cá
D0330.mp4,rau ngò/rau mùi
D0332.mp4,thâm quầng mắt
D0331.mp4,thao thức
D0333.mp4,tự hào
D0334.mp4,quyên góp
D0336.mp4,tự trọng
D0335.mp4,chia rẽ
D0337.mp4,gian dối
D0338.mp4,ăn bám
D0339.mp4,tuyên truyền
D0340.mp4,thịnh vượng
D0341.mp4,lấm lem
D0342B.mp4,ham chơi
D0342N.mp4,ham chơi
D0342T.mp4,ham chơi
D0343.mp4,đánh cầu lông
D0344.mp4,cánh buồm
D0345.mp4,cầu Thê Húc (Hồ Gươm)
D0346B.mp4,da trắng
D0346N.mp4,da trắng
D0346T.mp4,da trắng
D0347B.mp4,da ngăm (nước da ngăm đen)
D0347N.mp4,da ngăm (nước da ngăm đen)
D0347T.mp4,da ngăm (nước da ngăm đen)
D0348.mp4,tuần trăng mật
D0349.mp4,năm tới
D0350.mp4,Hoãn
D0351.mp4,huỷ
D0352.mp4,phụ thuộc
D0353.mp4,thuộc địa
D0354.mp4,tẩy chay
D0355.mp4,đau mắt
D0357.mp4,đau tay
D0358.mp4,đau chân
D0356.mp4,đau bụng
D0360.mp4,phẫu thuật tay
D0359.mp4,đau tai
D0361.mp4,phẫu thuật chân
D0363.mp4,phẫu thuật mũi
D0362.mp4,phẫu thuật mắt
D0364.mp4,phẫu thuật cổ
D0365.mp4,phẫu thuật bụng
D0367.mp4,hội chứng Đao - Down
D0366.mp4,bệnh phong/cùi
D03671.mp4,bệnh Đao - Down
D0370.mp4,mệt không?
D0369.mp4,mệt mỏi
D0371.mp4,đói không?
D0372.mp4,cả ngày
D0373.mp4,chiên/rán (1)(2)
D0374.mp4,nướng
D0375.mp4,luộc
D0377.mp4,lẩu
D0376.mp4,xào
D0378.mp4,gỏi/nộm
D0379.mp4,nhà kho
D0380.mp4,hấp
D0381.mp4,thối
D0382.mp4,thiu
D0383.mp4,nguội
D0384.mp4,ngán
D0385.mp4,tôm hùm
D0386.mp4,cua đồng
D0387.mp4,con hàu
D0390.mp4,gà nướng lu
D0388.mp4,hải sản
D0389.mp4,vịt quay
D0392.mp4,bánh sandwich
D0391.mp4,bánh hamburger
D0393.mp4,bánh canh
D0394.mp4,miến
D0395.mp4,"nước ép (cam, cà chua,..)"
D0396B.mp4,nước ép trái cây
D0396N.mp4,nước ép trái cây
D0396T.mp4,nước ép trái cây
D0397.mp4,"sinh tố (bơ, dâu,..)"
D0398.mp4,vắt chanh
D0400.mp4,chanh đá
D0399.mp4,mía
D0401.mp4,chanh nóng
D0403.mp4,trà đá
D0402.mp4,chanh muối
D0404.mp4,trà nóng
D0406.mp4,Socola
D0405.mp4,trà sữa
D0407.mp4,Cocacola
D0408.mp4,7up
D0409.mp4,một tiết học
D0410B.mp4,một tiếng
D0410N.mp4,một tiếng
D0410T.mp4,một tiếng
D0411.mp4,chung tay
D0412.mp4,rửa chân
D0413.mp4,rửa mặt
D0414.mp4,đánh răng
D0416B.mp4,tuần này
D0416N.mp4,tuần này
D0416T.mp4,tuần này
D0417T.mp4,tuần sau
D0417B.mp4,tuần sau
D0417N.mp4,tuần sau
D0418B.mp4,tuần trước
D0418T.mp4,tuần trước
D0418N.mp4,tuần trước
D0419.mp4,cuối tuần
D0420.mp4,cuối tháng
D0421.mp4,cuối năm
D0422.mp4,mục tiêu
D0423B.mp4,sinh đôi
D0423N.mp4,sinh đôi
D0423T.mp4,sinh đôi
D0424.mp4,đôi/cặp
D0425.mp4,Đảng
D0426.mp4,mô tả
D0427.mp4,mũm mĩm
D0428.mp4,tóc dài
D0429B.mp4,tóc ngắn
D0429N.mp4,tóc ngắn
D0429T.mp4,tóc ngắn
D0430B.mp4,tổng kết/bế giảng
D0430N.mp4,tổng kết/bế giảng
D0430T.mp4,tổng kết/bế giảng
D0431.mp4,lốc xoáy
D0432N.mp4,tay chân sạch sẽ
D0432B.mp4,tay chân sạch sẽ
D0432T.mp4,tay chân sạch sẽ
D0433.mp4,nhắm mắt
D0434.mp4,sờ
D0435.mp4,cây nến
D0436.mp4,dịu dàng
D0437B.mp4,đùa
D0437N.mp4,đùa
D0437T.mp4,đùa
D0438.mp4,làm được
D0439.mp4,dòng sông chảy
D0440.mp4,ăn đủ
D0441.mp4,ăn vừa
D0442.mp4,ăn ít
D0443.mp4,đồ uống
D0444.mp4,đồ ăn
D0445.mp4,trang điểm
D0446.mp4,đau mắt đỏ
D0447.mp4,cái vợt cá
D0449.mp4,con vượn
D0448.mp4,vợt cầu lông
D0450.mp4,thắp đèn
D0451.mp4,góp tiền
D0452B.mp4,họp nhóm
D0452N.mp4,họp nhóm
D0453.mp4,nhút nhát
D0452T.mp4,họp nhóm
D0455.mp4,luộc rau
D0456.mp4,muối
D0457.mp4,nước mắm
D0458.mp4,thoăn thoắt
D0459.mp4,nghênh nghênh (đầu)
D0460.mp4,đua đòi
D0461.mp4,bình sữa (em bé)
D0462.mp4,đòi
D0463.mp4,đòi hỏi
D0464B.mp4,trẻ con/con nít
D0464N.mp4,trẻ con/con nít
D0464T.mp4,trẻ con/con nít
D0465.mp4,duy nhất
D0466.mp4,cạnh tranh
D0467.mp4,hoa hậu
D0468.mp4,cái neo
D0470B.mp4,nhà văn hóa
D0469.mp4,phóng viên
D0470N.mp4,nhà văn hóa
D0470T.mp4,nhà văn hóa
D0471.mp4,chùa Yên Tử
D0472.mp4,chõ xôi
D0473.mp4,cây cọ
D0474.mp4,khu vực cách ly
D0475.mp4,phong toả
D0477.mp4,thung lũng
D0479.mp4,Kim Đồng
D0478.mp4,địa hình
D0480.mp4,Thánh Gióng
D0482.mp4,hoa dâm bụt
D0481.mp4,hoa giấy
D0483.mp4,kết luận
D0485.mp4,nhà vệ sinh
D0484.mp4,internet
D0486.mp4,đi vệ sinh
D0488.mp4,hoa mai
D0490B.mp4,ă
D0489.mp4,a
D0490N.mp4,ă
D0491B.mp4,â
D0490T.mp4,ă
D0491N.mp4,â
D0491T.mp4,â
D0492.mp4,b
D0493.mp4,c
D0494.mp4,d
D0495.mp4,đ
D0496.mp4,e
D0497B.mp4,ê
D0497N.mp4,ê
D0497T.mp4,ê
D0498B.mp4,g
D0498N.mp4,g
D0500B.mp4,h
D0500N.mp4,h
D0500T.mp4,h
D0502.mp4,k
D0501.mp4,i
D0503.mp4,l
D0504.mp4,m
D0505.mp4,n
D0506.mp4,o
D0507T.mp4,ô
D0507N.mp4,ô
D0507B.mp4,ô
D0509N.mp4,p
D0509B.mp4,p
D0508N.mp4,ơ
D0509T.mp4,p
D0511.mp4,r
D0510.mp4,q
D0512.mp4,s
D0513N.mp4,t
D0513B.mp4,t
D0513T.mp4,t
D0515N.mp4,ư
D0514.mp4,u
D0516.mp4,v
D0517N.mp4,x
D0517B.mp4,x
D0517T.mp4,x
D0518N.mp4,y
D0519.mp4,z
D0521.mp4,f
D0522.mp4,j
D0523.mp4,w
D0524B.mp4,dấu huyền
D0524N.mp4,dấu huyền
D0524T.mp4,dấu huyền
D0525B.mp4,dấu sắc
D0525N.mp4,dấu sắc
D0525T.mp4,dấu sắc
D0526B.mp4,dấu hỏi
D0526N.mp4,dấu hỏi
D0526T.mp4,dấu hỏi
D0527B.mp4,dấu ngã
D0527N.mp4,dấu ngã
D0527T.mp4,dấu ngã
D0528.mp4,dấu nặng
D0529.mp4,0 (số không)
D0531.mp4,2
D0530.mp4,1
D0532.mp4,3
D0533.mp4,4
D0534.mp4,5
D0535B.mp4,6
D0535N.mp4,6
D0535T.mp4,6
D0536.mp4,7
D0537.mp4,8
D0538.mp4,9
D0539.mp4,10
D0540B.mp4,11
D0540N.mp4,11
D0540T.mp4,11
D0541B.mp4,12
D0541N.mp4,12
D0541T.mp4,12
D0542B.mp4,23
D0542N.mp4,23
D0542T.mp4,23
D0543N.mp4,33
D0544.mp4,40
D0543T.mp4,33
D0545.mp4,80
D0546N.mp4,90
D0547.mp4,100
D0548N.mp4,1000 (một nghìn)
D0549B.mp4,5000 (năm nghìn)
D0549T.mp4,5000 (năm nghìn)
D0550B.mp4,10 000 (mười nghìn)
D0550T.mp4,10 000 (mười nghìn)
D0550N.mp4,10 000 (mười nghìn)
D0551B.mp4,1 000 000 (một triệu)
D0551N.mp4,1 000 000 (một triệu)
D0551T.mp4,1 000 000 (một triệu)
D0552B.mp4,1 000 000 000 (một tỉ)
D0600.mp4,ăn cóc
D0552N.mp4,1 000 000 000 (một tỉ)
D0552T.mp4,1 000 000 000 (một tỉ)
W00000.mp4,ác
W00002.mp4,ác độc
W00001.mp4,ác cảm
W00003.mp4,ác mộng
W00004B.mp4,ai
W00004N.mp4,ai
W00004T.mp4,ai
W00006.mp4,An Giang
W00007.mp4,an ninh
W00009B.mp4,Anh (nước Anh)
W00009N.mp4,Anh (nước Anh)
W00009T.mp4,Anh (nước Anh)
W00010B.mp4,anh chị
W00011.mp4,anh chị em
W00012B.mp4,anh dũng
W00012N.mp4,anh dũng
W00012T.mp4,anh dũng
W00013B.mp4,anh em
W00013N.mp4,anh em
W00013T.mp4,anh em
W00014N.mp4,anh họ
W00014T.mp4,anh họ
W00015.mp4,anh hùng
W00018B.mp4,anh rể
W00018N.mp4,anh rể
W00018T.mp4,anh rể
W00019B.mp4,anh ruột
W00019N.mp4,anh ruột
W00019T.mp4,anh ruột
W00020.mp4,anh vợ
W00024.mp4,sáng
W00026.mp4,ao chuôm
W00027.mp4,ảo thuật
W00028.mp4,áo
W00029.mp4,áo ấm
W00030.mp4,áo cánh
W00032B.mp4,áo đồng phục
W00032N.mp4,áo đồng phục
W00032T.mp4,áo đồng phục
W00033.mp4,áo len
W00034.mp4,áo phao
W00035B.mp4,áo phông
W00035N.mp4,áo phông
W00035T.mp4,áo phông
W00036.mp4,áp phích
W00039.mp4,ăn diện
W00040.mp4,ăn hối lộ
W00043.mp4,ăn vặt
W00042.mp4,ăn uống
W00044.mp4,ăn xin
W00045.mp4,âm thanh
W00048.mp4,ầm ĩ
W00049.mp4,ẩm mốc
W00050.mp4,ẩm ướt
W00051.mp4,ấm áp
W00052.mp4,ấm đun nước
W00053.mp4,ấm no
W00055.mp4,ấm trà
W00057B.mp4,ân hận
W00057N.mp4,ân hận
W00057T.mp4,ân hận
W00059.mp4,ấn
W00061.mp4,ấn tượng
W00062.mp4,Âu Cơ
W00067.mp4,Bà Nà
W00065.mp4,Ba chân bốn cẳng
W00068.mp4,Bà Rịa - Vũng Tàu
W00069.mp4,triệu phú
W00070.mp4,Bạc Liêu
W00071.mp4,bài báo
W00075B.mp4,bài thơ
W00075N.mp4,bài thơ
W00075T.mp4,bài thơ
W00076.mp4,hệ bài tiết
W00079.mp4,Bãi biển Vũng Tàu
W00081.mp4,bãi cát
W00082.mp4,bãi cỏ
W00083.mp4,bãi đỗ xe (ô tô)
W00084.mp4,bãi tắm
W00086B.mp4,ban đêm
W00086N.mp4,ban đêm
W00086T.mp4,ban đêm
W00087.mp4,ban giám hiệu
W00089.mp4,ban ngày
W00091.mp4,bàn bạc
W00092.mp4,bàn chải đánh răng
W00093.mp4,bàn chân
W00095.mp4,bàn là
W00094.mp4,bàn ghế
W00096.mp4,bàn phím (máy vi tính)
W00097.mp4,bàn tay
W00099B.mp4,bản đồ Việt Nam
W00099N.mp4,bản đồ Việt Nam
W00098.mp4,bàn tán
W00099T.mp4,bản đồ Việt Nam
W00101.mp4,bản lề
W00100.mp4,bản làng
W00102.mp4,bản nhạc
W00103.mp4,bản sao (chỉ người)
W00104.mp4,bản thân
W00105.mp4,bán buôn
W00107B.mp4,bán hàng
W00106.mp4,bán đảo
W00107N.mp4,bán hàng
W00107T.mp4,bán hàng
W00108.mp4,bán kính (hình tròn)
W00110B.mp4,bạn
W00110N.mp4,bạn
W00110T.mp4,bạn
W00111N.mp4,bạn gái
W00111T.mp4,bạn gái
W00111B.mp4,bạn gái
W00112B.mp4,bạn trai
W00112T.mp4,bạn trai
W00112N.mp4,bạn trai
W00113.mp4,bảng học sinh
W00115N.mp4,bảng chia
W00115T.mp4,bảng chia
W00116.mp4,bảng chỉ dẫn
W00118.mp4,bảng chữ cái ngón tay
W00119B.mp4,bảng cộng
W00119N.mp4,bảng cộng
W00119T.mp4,bảng cộng
W00120.mp4,bảng cửu chương
W00121B.mp4,bảng đen
W00121N.mp4,bảng đen
W00121T.mp4,bảng đen
W00122.mp4,hãng máy bay
W00123B.mp4,bảng màu
W00124B.mp4,bảng nhân
W00124N.mp4,bảng nhân
W00124T.mp4,bảng nhân
W00125.mp4,hãng xe máy
W00126N.mp4,bảng trừ
W00126B.mp4,bảng trừ
W00126T.mp4,bảng trừ
W00127.mp4,bánh bột lọc
W00128.mp4,bánh cốm
W00129B.mp4,bánh cuốn
W00129N.mp4,bánh cuốn
W00129T.mp4,bánh cuốn
W00130.mp4,bánh Trung Thu
W00133.mp4,bánh gai
W00131.mp4,bánh đa
W00132.mp4,bánh đúc
W00135.mp4,bánh giò
W00134.mp4,bánh giầy
W00136.mp4,bánh gối
W00137B.mp4,bánh mì
W00137N.mp4,bánh mì
W00137T.mp4,bánh mì
W00140.mp4,bánh pizza
W00141.mp4,bánh pía
W00142.mp4,hãng tàu thuyền
W00145B.mp4,bao giờ?
W00144.mp4,bánh xe
W00145N.mp4,bao giờ?
W00146.mp4,bao la
W00145T.mp4,bao giờ?
W00147.mp4,bao nhiêu?
W00150.mp4,bao tay (dùng cho trẻ sơ sinh)
W00152.mp4,bảo đảm
W00153.mp4,bảo hiểm
W00155.mp4,lưu
W00156.mp4,bảo tàng
W00157.mp4,bảo thủ
W00158.mp4,tồn tại
W00159B.mp4,bảo vệ môi trường
W00159N.mp4,bảo vệ môi trường
W00159T.mp4,bảo vệ môi trường
W00160N.mp4,báo (con báo)
W00160B.mp4,báo (con báo)
W00160T.mp4,báo (con báo)
W00161.mp4,báo cáo
W00163.mp4,báo động
W00166.mp4,báo thù
W00170.mp4,bát
W00171.mp4,bát hương
W00172.mp4,bát ngát
W00173.mp4,làng gốm Bát Tràng
W00174.mp4,bay
W00175.mp4,xì hơi (đánh rắm)
W00175N.mp4,xì hơi (đánh rắm)
W00179.mp4,bắc bán cầu
W00176.mp4,bay liệng (bay lượn)
W00181.mp4,Bắc bộ
W00182.mp4,Bắc Giang
W00183.mp4,Bắc Kạn
W00184N.mp4,bắc nam
W00185.mp4,Bắc Ninh
W00184T.mp4,bắc nam
W00186B.mp4,bắn bi
W00186N.mp4,bắn bi
W00186T.mp4,bắn bi
W00187.mp4,bắn súng
W00188.mp4,băng bó
W00189.mp4,băng chuyền
W00190.mp4,băng dính
W00191.mp4,băng giá
W00192.mp4,băng hình
W00193.mp4,Băng-la-đét (nước Băng-la-đét)
W00194.mp4,bằng
W00195.mp4,bằng phẳng
W00196B.mp4,bắp ngô
W00196N.mp4,bắp ngô
W00196T.mp4,bắp ngô
W00197.mp4,bắt
W00198B.mp4,bắt đền
W00198.mp4,bắt đền
W00198N.mp4,bắt đền
W00200.mp4,bắt nạt
W00199.mp4,bắt giữ
W00202.mp4,bắt tay
W00205.mp4,bập bênh
W00203.mp4,bậc thang
W00206.mp4,bất động
W00207.mp4,bất hiếu
W00209.mp4,bật đèn
W00210.mp4,bật lửa
W00214B.mp4,bẫy chuột (hành động)
W00212.mp4,bầu trời
W00213.mp4,bẫy chim
W00214N.mp4,bẫy chuột (hành động)
W00214T.mp4,bẫy chuột (hành động)
W00215.mp4,bẫy chuột (dụng cụ)
W00216B.mp4,bẻ ngô
W00216N.mp4,bẻ ngô
W00216T.mp4,bẻ ngô
W00217.mp4,bé gái
W00218.mp4,bé hơn
W00219.mp4,bé loắt choắt
W00220B.mp4,bé trai
W00220N.mp4,bé trai
W00220T.mp4,bé trai
W00225.mp4,béo
W00228.mp4,bê tông
W00230.mp4,bể bơi
W00231.mp4,bể cá
W00234B.mp4,bệ hạ
W00232.mp4,bế em
W00234T.mp4,bệ hạ
W00235.mp4,bệ xí
W00236.mp4,bên cạnh
W00236N.mp4,bên cạnh
W00237.mp4,bên dưới
W00238.mp4,bên phải
W00239.mp4,bên trái
W00240.mp4,bên trên
W00241.mp4,bên trong
W00242.mp4,bến phà
W00243.mp4,bến tàu
W00244.mp4,Bến Tre
W00245.mp4,bến xe
W00246.mp4,bênh vực
W00247.mp4,bệnh thủy đậu
W00248.mp4,bệnh nhân
W00249.mp4,bệnh tật
W00252.mp4,bí ngô
W00253.mp4,bị động
W00254.mp4,bìa sách
W00255B.mp4,bìa vở
W00255N.mp4,bìa vở
W00255T.mp4,bìa vở
W00256.mp4,bịa đặt
W00258.mp4,hóa đơn
W00260.mp4,biển đông
W00261.mp4,biển hiệu
W00262N.mp4,biến đổi
W00263.mp4,biện pháp
W00265.mp4,biểu đồ
W00267.mp4,biểu đồ hình quạt
W00266.mp4,biểu đồ cột
W00270.mp4,biểu thị
W00271.mp4,biểu thức
W00273.mp4,bím tóc đuôi sam
W00274B.mp4,bình an
W00274N.mp4,bình an
W00274T.mp4,bình an
W00276.mp4,Bình Dương
W00277.mp4,Bình Định
W00279.mp4,bình minh
W00282.mp4,bình phương
W00283.mp4,Bình Phước
W00285.mp4,Bình Thuận
W00286B.mp4,bình thường
W00286N.mp4,bình thường
W00286T.mp4,bình thường
W00287.mp4,bít tất
W00288.mp4,bò
W00289.mp4,bò sát
W00290.mp4,bò tót
W00293.mp4,bỏ phiếu
W00292.mp4,bỏ hoang
W00294.mp4,bỏ qua
W00295.mp4,bỏ rơi
W00297.mp4,bó đũa
W00298.mp4,bó hoa
W00299.mp4,bóc lột
W00300.mp4,bóc vỏ
W00301.mp4,bọc sách
W00302.mp4,bom đạn
W00303.mp4,bom nguyên tử
W00304B.mp4,bón phân
W00304N.mp4,bón phân
W00304T.mp4,bón phân
W00305.mp4,bỏng
W00306.mp4,bỏng ngô
W00308.mp4,bóng bay
W00312.mp4,boong tàu
W00313.mp4,bọt biển
W00314.mp4,bọt xà phòng
W00315.mp4,bồ kết
W00316.mp4,bổ ích
W00317.mp4,bổ ngữ
W00318.mp4,bổ trợ
W00320.mp4,bố trí
W00321.mp4,bộ truyện
W00322.mp4,bốc vác
W00325.mp4,bố
W00326B.mp4,bố dượng
W00326N.mp4,bố dượng
W00326T.mp4,bố dượng
W00327.mp4,bố mẹ
W00328B.mp4,bộ đội
W00328N.mp4,bộ đội
W00328T.mp4,bộ đội
W00329.mp4,bộ sách
W00330.mp4,bốc hơi
W00331.mp4,bốc thăm
W00332.mp4,bồi bàn
W00333.mp4,bồi thường
W00334.mp4,bồn hoa
W00335.mp4,bồn rửa bát
W00336N.mp4,bông hoa
W00336B.mp4,bông hoa
W00336T.mp4,bông hoa
W00337B.mp4,bốt cảnh sát
W00337N.mp4,bốt cảnh sát
W00337T.mp4,bốt cảnh sát
W00338B.mp4,bốt điện
W00338N.mp4,bốt điện
W00338T.mp4,bốt điện
W00340.mp4,bột giặt
W00341B.mp4,bột màu
W00341N.mp4,bột màu
W00341T.mp4,bột màu
W00342N.mp4,bột ngọt
W00342T.mp4,bột ngọt
W00344.mp4,bờ biển
W00345.mp4,bờ rào
W00346.mp4,bờ ruộng
W00347.mp4,bơi
W00349.mp4,bơm (cái bơm)
W00348.mp4,bơi lội
W00350.mp4,bơm nước
W00351.mp4,bơm xe
W00352.mp4,bờm tóc
W00353.mp4,bớt
W00354.mp4,bớt đi
W00355B.mp4,Bra-xin (nước Bra-xin)
W00355N.mp4,Bra-xin (nước Bra-xin)
W00355T.mp4,Bra-xin (nước Bra-xin)
W00356B.mp4,Bru-nây (nước Bru-nây)
W00356N.mp4,Bru-nây (nước Bru-nây)
W00356T.mp4,Bru-nây (nước Bru-nây)
W00357B.mp4,cỏ
W00357N.mp4,cỏ
W00357T.mp4,cỏ
W00358.mp4,bụi đời
W00359B.mp4,bụi phấn
W00359N.mp4,bụi phấn
W00359T.mp4,bụi phấn
W00360.mp4,Bun-ga-ri (nước Bun-ga-ri)
W00361.mp4,bùn
W00362.mp4,bụng
W00363.mp4,buộc dây
W00366.mp4,buổi chiều
W00364.mp4,buộc tóc
W00367B.mp4,buổi đêm
W00367N.mp4,buổi đêm
W00367T.mp4,buổi đêm
W00368B.mp4,buổi sáng
W00368N.mp4,buổi sáng
W00369B.mp4,buổi tối
W00368T.mp4,buổi sáng
W00369N.mp4,buổi tối
W00369T.mp4,buổi tối
W00370B.mp4,buổi trưa
W00370N.mp4,buổi trưa
W00370T.mp4,buổi trưa
W00371.mp4,buôn làng
W00372.mp4,buồn nôn
W00374B.mp4,buông màn
W00374N.mp4,buông màn
W00374T.mp4,buông màn
W00377.mp4,buồng trứng
W00378.mp4,búp bê
W00380.mp4,bút
W00381.mp4,bút bi
W00383B.mp4,bút màu
W00382.mp4,bút dạ
W00384.mp4,bút máy
W00383N.mp4,bút màu
W00383T.mp4,bút màu
W00385.mp4,bữa cơm
W00386B.mp4,bức tranh
W00386N.mp4,bức tranh
W00386T.mp4,bức tranh
W00387.mp4,bức tường
W00388.mp4,bước
W00389.mp4,bước chân
W00393.mp4,bưu tá
W00390N.mp4,bướng bỉnh
W00390T.mp4,bướng bỉnh
W00395.mp4,ca
W00396.mp4,ca nô
W00397.mp4,Cà Mau
W00398B.mp4,cá kho
W00398N.mp4,cá kho
W00398T.mp4,cá kho
W00400.mp4,các bạn
W00402.mp4,cái bè
W00401.mp4,cãi nhau
W00404B.mp4,cái gương
W00404N.mp4,cái gương
W00404T.mp4,cái gương
W00405.mp4,cái nhíp
W00406.mp4,cái túi
W00407B.mp4,Cam-pu-chia (nước Cam-pu-chia)
W00407N.mp4,Cam-pu-chia (nước Cam-pu-chia)
W00407T.mp4,Cam-pu-chia (nước Cam-pu-chia)
W00409.mp4,cảnh vật
W00410.mp4,cánh tay
W00411.mp4,cạnh
W00412.mp4,cạnh bên (toán)
W00413.mp4,cạnh đáy
W00414.mp4,cạnh đối diện
W00415.mp4,cao (người)
W004152.mp4,cao (nhà)
W004151.mp4,cao (vật)
W004153.mp4,cao (núi)
W00417.mp4,Cao Bằng
W00418.mp4,cao độ
W00419.mp4,cao nguyên
W00420.mp4,cao quý
W00421.mp4,cao tầng
W00422.mp4,cao thấp
W00423.mp4,cao tốc
W00424.mp4,cát
W00425.mp4,cau có
W00426.mp4,cày
W00427.mp4,cày ruộng
W00428.mp4,cặp sách
W00429.mp4,cặp tóc
W00430.mp4,cắt nhau
W00431.mp4,cần khởi động
W00432.mp4,cấp cứu
W00433.mp4,cấp dưỡng
W00434.mp4,cất giấu
W00435.mp4,cất giữ
W00436.mp4,cất tiếng khóc
W00437.mp4,cất tiếng nói
W00439.mp4,câu chuyện
W00438.mp4,câu cá
W00440.mp4,câu đố
W00441.mp4,câu đối
W00442.mp4,câu đơn
W00443.mp4,câu ghép
W00444B.mp4,câu thơ
W00444N.mp4,câu thơ
W00444T.mp4,câu thơ
W00445.mp4,câu văn
W00446.mp4,cầu (cây cầu)
W00447.mp4,cầu cứu
W00448.mp4,cầu giao
W00449.mp4,cầu kì
W00451.mp4,cầu thủ
W00450.mp4,cầu nguyện
W00452.mp4,cầu tre
W00453.mp4,cáp treo
W00454.mp4,cầu trượt
W00455.mp4,cầu vượt
W00456B.mp4,cây ăn quả
W00456N.mp4,cây ăn quả
W00456T.mp4,cây ăn quả
W00457B.mp4,cây bàng
W00457T.mp4,cây bàng
W00459B.mp4,cây cổ thụ
W00459N.mp4,cây cổ thụ
W00459T.mp4,cây cổ thụ
W00460.mp4,cây cối
W00462.mp4,cây đa
W00464.mp4,cây gỗ
W00465.mp4,cây khế
W00469B.mp4,cây ngô
W00469N.mp4,cây ngô
W00470B.mp4,cây phượng
W00469T.mp4,cây ngô
W00470N.mp4,cây phượng
W00470T.mp4,cây phượng
W00471.mp4,cây sả
W00473.mp4,cây số
W00474B.mp4,cây thân gỗ
W00474N.mp4,cây thân gỗ
W00474T.mp4,cây thân gỗ
W00476.mp4,cây tre
W00477.mp4,cây trồng
W00478.mp4,cây xanh
W00479.mp4,cấy
W00480.mp4,cấy lúa
W00481.mp4,cha
W00482.mp4,cha mẹ
W00484B.mp4,chả cá
W00484N.mp4,chả cá
W00484T.mp4,chả cá
W00485.mp4,chai
W00486.mp4,chai nước
W00488.mp4,chàng trai
W00489.mp4,chào
W00490.mp4,chào cờ
W00492.mp4,chào mừng
W00493N.mp4,chảo
W00493B.mp4,chảo
W00493T.mp4,chảo
W00494.mp4,chát
W00495B.mp4,cháu gái
W00495N.mp4,cháu gái
W00495T.mp4,cháu gái
W00496B.mp4,cháu ngoại
W00496T.mp4,cháu ngoại
W00496N.mp4,cháu ngoại
W00497B.mp4,cháu nội
W00497T.mp4,cháu nội
W00497N.mp4,cháu nội
W00498B.mp4,cháu trai
W00498N.mp4,cháu trai
W00499.mp4,chày
W00500.mp4,cháy rừng
W00501.mp4,chạy
W00502.mp4,chạy bàn
W00503.mp4,chạy chậm
W00504.mp4,chạy nhanh
W00506.mp4,chú ( người)
W00507.mp4,chăm học
W00508B.mp4,chăm sóc sức khỏe
W00508N.mp4,chăm sóc sức khỏe
W00508T.mp4,chăm sóc sức khỏe
W00509B.mp4,chăn (cái chăn)
W00509N.mp4,chăn (cái chăn)
W00509T.mp4,chăn (cái chăn)
W00510B.mp4,chăn nuôi
W00510N.mp4,chăn nuôi
W00510T.mp4,chăn nuôi
W00512.mp4,chặn
W00513B.mp4,chặt
W00513N.mp4,chặt
W00513T.mp4,chặt
W00514.mp4,chặt chẽ
W00515.mp4,châm chọc
W00516B.mp4,châm cứu
W00516N.mp4,châm cứu
W00516T.mp4,châm cứu
W00519.mp4,chấm dứt
W00520.mp4,chấm điểm
W00522.mp4,chân dung
W00523.mp4,chân đất
W00525.mp4,chân tay
W00529.mp4,chất dẻo
W00530.mp4,chất đốt
W00531.mp4,chất độc
W00533.mp4,chất độc màu da cam
W00534.mp4,chất hữu cơ
W00536.mp4,chất lỏng
W00537.mp4,chất lượng
W00538.mp4,chất rắn
W00540.mp4,chật chội
W00539.mp4,chất thải
W00542.mp4,Châu Á Thái Bình Dương
W00544.mp4,Châu Đại Dương
W00545.mp4,chậu
W00546.mp4,che chở
W00547.mp4,che phủ
W00548.mp4,chè đỗ đỏ
W00550.mp4,chém
W00551.mp4,chen lấn
W00552.mp4,chèn ép
W00553.mp4,chén
W00554.mp4,chèo thuyền
W00555.mp4,chép bài
W00559.mp4,tạo thành
W00561.mp4,chi hội
W00562.mp4,khó tiêu
W00563.mp4,chi tiết
W00564.mp4,chỉ
W00565.mp4,chỉ dẫn
W00567.mp4,chỉ huy
W00568.mp4,chỉ khâu
W00569.mp4,đường chỉ tay
W00570B.mp4,chị
W00570N.mp4,chị
W00570T.mp4,chị
W00571B.mp4,chị chồng
W00571N.mp4,chị chồng
W00572.mp4,chị dâu
W00573.mp4,Chi-lê (nước Chi-lê)
W00575B.mp4,chia
W00575N.mp4,chia
W00575T.mp4,chia
W00577.mp4,chia cắt
W00578.mp4,chia đều
W00579.mp4,chia hết
W00580.mp4,chia phần
W00581.mp4,chia sẻ
W00582.mp4,chia tay
W00583.mp4,chìa khóa
W00584B.mp4,chiếc gối
W00584T.mp4,chiếc gối
W00584N.mp4,chiếc gối
W00585.mp4,chiếm đoạt
W00588.mp4,chiến khu
W00590.mp4,sĩ quan
W00591.mp4,chiến thắng
W00593.mp4,chiêng
W00594.mp4,chiều cao
W00595.mp4,chiều dài
W00596.mp4,chiều rộng
W00597.mp4,chiều tối
W00598.mp4,chiếu
W00599.mp4,chiếu phim
W00598B.mp4,chiếu
W00598T.mp4,chiếu
W00601.mp4,cá mập
W00602.mp4,chim bồ câu
W00603.mp4,chim chào mào
W00604.mp4,chim chích chòe
W00605.mp4,chim chóc
W00606.mp4,chim đại bàng
W00609.mp4,chim phượng hoàng
W00608.mp4,chim gõ kiến
W00610.mp4,chim sâu
W00611.mp4,chim sẻ
W00612.mp4,chim sơn ca
W00614.mp4,chim yến
W00615.mp4,chỉnh sửa
W00616.mp4,chín
W00617B.mp4,chính phủ
W00617T.mp4,chính phủ
W00618.mp4,chính quyền
W00619.mp4,chính tả
W00620B.mp4,chính xác
W00620N.mp4,chính xác
W00620T.mp4,chính xác
W00623.mp4,chó sói
W00624.mp4,chó xù
W00625.mp4,chọi gà
W00626.mp4,chọi trâu
W00628.mp4,chọn lọc
W00629.mp4,chọn lựa
W00630.mp4,chong chóng
W00632.mp4,chồi non
W00633B.mp4,chống đối
W00633N.mp4,chống đối
W00633T.mp4,chống đối
W00634.mp4,chợ Bến Thành
W00635.mp4,chợ nổi
W00636.mp4,chợ nổi Cái Bè
W00637.mp4,chợ nổi Cái Răng
W00638.mp4,luân phiên
W00638N.mp4,luân phiên
W00639B.mp4,chơi
W00639T.mp4,chơi
W00640.mp4,chớp mắt
W00641.mp4,chu vi
W00642.mp4,chủ đề
W00644.mp4,chủ động
W00646.mp4,chủ ngữ
W00645.mp4,chủ nghĩa xã hội
W00647.mp4,chủ nhiệm
W00649B.mp4,chủ tịch
W00648.mp4,nước tới chân mới nhảy
W00649N.mp4,chủ tịch
W00649T.mp4,chủ tịch
W00651.mp4,chú rể
W00650.mp4,chú hề
W00652.mp4,chú tễu
W00653.mp4,thích nghi
W00654.mp4,chú ý
W00655B.mp4,chùa
W00655N.mp4,chùa
W00655T.mp4,chùa
W00657.mp4,chùa Hương
W00662B.mp4,chuẩn bị
W00658.mp4,chùa Một Cột
W00662N.mp4,chuẩn bị
W00663B.mp4,chúc mừng
W00662T.mp4,chuẩn bị
W00663N.mp4,chúc mừng
W00664B.mp4,chúc tết
W00663T.mp4,chúc mừng
W00664N.mp4,chúc tết
W00664T.mp4,chúc tết
W00665B.mp4,chúc thọ
W00665N.mp4,chúc thọ
W00665T.mp4,chúc thọ
W00666.mp4,chục
W00667.mp4,chục nghìn
W00668.mp4,chục triệu
W00669.mp4,chui
W00671.mp4,chúi đầu
W00672.mp4,chum
W00673.mp4,chùm hoa
W00674.mp4,chùm khế
W00676.mp4,chùm nho
W00677.mp4,chùm vải
W00678.mp4,chung kết
W00679.mp4,chuỗi hạt
W00683.mp4,chuông
W00684.mp4,chuông nhà
W00685.mp4,chuồng
W00686.mp4,chuột quang
W00687.mp4,chụp ảnh
W00688.mp4,chụp đèn
W00689.mp4,chuyên biệt
W00690.mp4,chuyên cần
W00691B.mp4,chuyên gia
W00691N.mp4,chuyên gia
W00691T.mp4,chuyên gia
W00692.mp4,chuyền bóng
W00693.mp4,chim chuyền cành
W00694.mp4,chuyển đồ
W00696.mp4,chuyển đổi số đo
W00697.mp4,chuyển động
W00698.mp4,chuyển động đều
W00699.mp4,chuyển động quay
W00700.mp4,chuyển giao
W00701.mp4,chuyển hướng
W00702.mp4,chuyển vế
W00703.mp4,chuyện trò
W00705.mp4,chữ cái
W00706.mp4,chữ hoa
W00707.mp4,chữ viết
W00708B.mp4,chữa bài
W00708N.mp4,chữa bài
W00708T.mp4,chữa bài
W00709.mp4,chữa cháy
W00710.mp4,chức năng
W00712.mp4,chứng kiến
W00713.mp4,chương trình
W00714.mp4,chữ
W00716.mp4,chữa bệnh
W00717.mp4,chức vụ
W00718.mp4,chứng cớ
W00719.mp4,chứng minh
W00720.mp4,chứng nhận
W00721.mp4,co dãn
W00722.mp4,co giật
W00726.mp4,có ích
W00724.mp4,cỏ may
W00728.mp4,trọng nam khinh nữ
W00729.mp4,còi
W00730.mp4,còi xương
W00731.mp4,coi thường
W00732.mp4,máy vi tính
W00733.mp4,con ba ba
W00734B.mp4,con bê
W00734N.mp4,con bê
W00734T.mp4,con bê
W00735B.mp4,con bò
W00735N.mp4,con bò
W00735T.mp4,con bò
W00736.mp4,con bướm
W00737B.mp4,con cá
W00737N.mp4,con cá
W00737T.mp4,con cá
W00738.mp4,con chim
W00739B.mp4,con chó
W00739N.mp4,con chó
W00739T.mp4,con chó
W00740.mp4,con chồn
W00741.mp4,con chuồn chuồn
W00742B.mp4,con chuột
W00742N.mp4,con chuột
W00742T.mp4,con chuột
W00743.mp4,con chuột nhắt
W00746.mp4,con cóc
W00747B.mp4,con cọp
W00745.mp4,con cò
W00747N.mp4,con cọp
W00747T.mp4,con cọp
W00748.mp4,con công
W00749.mp4,con cua
W00750.mp4,con cú mèo
W00751.mp4,con cừu
W00753.mp4,con dê
W00752.mp4,con dâu
W00754.mp4,con dế
W00755.mp4,con đẻ
W00757.mp4,con đường
W00756.mp4,con đom đóm
W00758B.mp4,con ếch
W00758T.mp4,con ếch
W00758N.mp4,con ếch
W00759.mp4,con gà
W00760.mp4,con gái
W00761.mp4,con gấu
W00762.mp4,con ghẹ
W00763.mp4,con gián
W00764.mp4,con hoẵng
W00766.mp4,con hươu
W00767.mp4,con khỉ
W00768B.mp4,con kiến
W00768N.mp4,con kiến
W00768T.mp4,con kiến
W00770B.mp4,con lợn (con heo)
W00770N.mp4,con lợn (con heo)
W00770T.mp4,con lợn (con heo)
W00771.mp4,con lươn
W00772B.mp4,con mèo
W00772N.mp4,con mèo
W00772T.mp4,con mèo
W00773B.mp4,con muỗi
W00773N.mp4,con muỗi
W00773T.mp4,con muỗi
W00774.mp4,con mực
W00775.mp4,con nai
W00776.mp4,con ngỗng
W00777B.mp4,con người
W00777N.mp4,con người
W00777T.mp4,con người
W00778B.mp4,con ngựa
W00778N.mp4,con ngựa
W00778T.mp4,con ngựa
W00779.mp4,con nhím
W00780B.mp4,con nuôi
W00780N.mp4,con nuôi
W00780T.mp4,con nuôi
W00781N.mp4,con ong
W00781T.mp4,con ong
W00782.mp4,con ốc
W00783.mp4,con quạ
W00784.mp4,con rắn
W00785.mp4,con rối
W00786.mp4,con ruồi
W00787N.mp4,con rùa
W00788.mp4,con sâu
W00789.mp4,con sò
W00790.mp4,con sóc
W00791.mp4,con sói
W00792.mp4,con sông
W00793.mp4,con số
W00794N.mp4,con sư tử
W00794T.mp4,con sư tử
W00795.mp4,con tem
W00796.mp4,con thỏ
W00797B.mp4,con tôm
W00797N.mp4,con tôm
W00797T.mp4,con tôm
W00798.mp4,con trai (động vật)
W00799.mp4,con trăn
W00800.mp4,con trỏ
W00801.mp4,con vẹt
W00802.mp4,con vịt
W00803B.mp4,con voi
W00803T.mp4,con voi
W00803N.mp4,con voi
W00804.mp4,cong
W00805.mp4,còng (cái còng)
W00806.mp4,còng
W00807.mp4,cõng
W00811.mp4,cô đơn
W00809.mp4,cô dâu
W00812B.mp4,cô giáo
W00812T.mp4,cô giáo
W00812N.mp4,cô giáo
W00814.mp4,cổ
W00815.mp4,cổ áo
W00816.mp4,cổ chân
W00818.mp4,cổ họng
W00817.mp4,cổ đại
W00819.mp4,cổ kính
W00820B.mp4,cố gắng
W00820N.mp4,cố gắng
W00820T.mp4,cố gắng
W00822.mp4,cổ tay
W00823.mp4,cổ truyền
W00824.mp4,cổ vũ
W00825N.mp4,cổng trường
W00825T.mp4,cổng trường
W00826.mp4,cỗ
W00827.mp4,cố định
W00829.mp4,Cô-lôm-bi-a (nước Cô-lôm-bi-a)
W00831.mp4,cố ý (như cố tình)
W00832.mp4,cốc
W00830.mp4,cổ tích
W00833.mp4,cối giã
W00834.mp4,cối xay gió
W00835.mp4,cối xay lúa
W00836.mp4,cốm
W00837.mp4,côn trùng
W00838.mp4,công bằng
W00839.mp4,công chúa
W00840.mp4,công cộng
W00841.mp4,công cụ
W00843.mp4,công nhận
W00844.mp4,công sức
W00845.mp4,công tắc
W00846.mp4,công thức
W00848B.mp4,công trường
W00849.mp4,công ước
W00850B.mp4,công viên
W00850N.mp4,công viên
W00850T.mp4,công viên
W00851.mp4,công việc
W00852.mp4,Paris
W00854.mp4,cổng
W00857B.mp4,cộng (Toán học)
W00856.mp4,cống
W00857T.mp4,cộng (Toán học)
W00857N.mp4,cộng (Toán học)
W00858.mp4,Cộng Hòa Séc (nước Cộng Hòa Séc)
W00859.mp4,cốp xe
W00861.mp4,cột
W00862.mp4,cột đèn
W00863B.mp4,cột điện
W00863N.mp4,cột điện
W00863T.mp4,cột điện
W00865.mp4,cột nhà
W00866.mp4,cột sống
W00867.mp4,cơ bắp
W00868B.mp4,cơ hội
W00868N.mp4,cơ hội
W00868T.mp4,cơ hội
W00870.mp4,cơ quan
W00871.mp4,cơ sở
W00872.mp4,cơ thể
W00876.mp4,cởi áo
W00877.mp4,cơm hộp
W00878.mp4,cờ
W00880.mp4,cờ ca rô
W00881.mp4,cờ tướng
W00882.mp4,cờ vua
W00883.mp4,cởi mở
W00884.mp4,cơm
W00885B.mp4,cơm bình dân
W00885N.mp4,cơm bình dân
W00885T.mp4,cơm bình dân
W00887.mp4,Cu ba (nước Cu ba)
W00889.mp4,củ đậu
W00890.mp4,củ khoai lang
W00892.mp4,củ từ
W00893.mp4,cụ thể
W00894.mp4,cúc áo
W00895.mp4,cúi
W00899.mp4,cuống hoa
W00900.mp4,cù
W00901.mp4,củ cà rốt
W00902.mp4,củ cải trắng
W00903.mp4,củ gừng
W00904.mp4,củ hành tây
W00905.mp4,củ khoai tây
W00906.mp4,củ nghệ
W00907.mp4,củ su hào
W00908.mp4,củ tỏi
W00909.mp4,củ sả
W00910.mp4,cụ
W00911.mp4,cụ đồ
W00914.mp4,cục tẩy
W00912.mp4,cụ già
W00915.mp4,cùi chỏ
W00916.mp4,củi
W00918.mp4,cụm từ
W00922.mp4,cuộc đời
W00923.mp4,cuộc sống
W00925.mp4,cuộn giấy vệ sinh
W00924.mp4,cuốn
W00926.mp4,cuống lá
W00929.mp4,cử chỉ điệu bộ
W00930.mp4,cử động
W00931.mp4,cưa (cái cưa)
W00932.mp4,cưa
W00935B.mp4,cửa hàng
W00935N.mp4,cửa hàng
W00935T.mp4,cửa hàng
W00936.mp4,cửa khẩu
W00937.mp4,cửa kính
W00939.mp4,cửa sổ
W00942.mp4,yên ngựa
W00941.mp4,cưỡi ngựa
W00943B.mp4,cướp
W00943T.mp4,cướp
W00943N.mp4,cướp
W00944.mp4,cướp biển
W00945.mp4,cướp cờ
W00946.mp4,cướp giật
W00947.mp4,cứu
W00948.mp4,cứu hộ
W00951.mp4,dai
W00952.mp4,dài
W00953.mp4,dài hạn
W00954.mp4,dài hơn
W00955.mp4,dài nhất
W00958.mp4,dải phân cách
W00960.mp4,dàn nhạc
W00959.mp4,dàn bài
W00963.mp4,danh bạ
W00964.mp4,danh dự
W00965.mp4,danh hiệu
W00966.mp4,danh lam thắng cảnh
W00967.mp4,danh mục
W00968.mp4,danh nhân
W00969.mp4,danh sách
W00970.mp4,danh từ
W00971.mp4,danh từ riêng
W00972.mp4,dán
W00973.mp4,dao
W00975.mp4,dãy nhà
W00976.mp4,dãy núi
W00977.mp4,dãy số
W00979.mp4,dạy
W00978.mp4,dãy số liệu
W00980.mp4,dặn dò
W00981.mp4,dắt
W00982.mp4,dân ca
W00983.mp4,dân chài
W00985.mp4,gian lận
W00987.mp4,dân số
W00988B.mp4,dân tộc
W00988N.mp4,dân tộc
W00988T.mp4,dân tộc
W00989B.mp4,dân tộc thiểu số
W00989T.mp4,dân tộc thiểu số
W00989N.mp4,dân tộc thiểu số
W00990.mp4,dẫn chương trình
W00993.mp4,dầu ăn
W00992.mp4,dập
W00991.mp4,dẫn chứng
W00994.mp4,dầu gội đầu
W00995.mp4,dầu hoả
W00996.mp4,dầu khí
W00997.mp4,dầu mỏ
W00998.mp4,dấu bằng
W01001.mp4,dấu chấm
W01002.mp4,dấu chấm hỏi
W01003.mp4,dấu chấm than
W01004.mp4,dấu chia
W01005.mp4,dấu gạch ngang
W01006.mp4,dấu hai chấm
W01008.mp4,bắt buộc
W01009.mp4,dấu ngoặc đơn
W01010.mp4,dấu nhân
W01011.mp4,dấu phẩy
W01014.mp4,dây buộc tóc
W01015.mp4,dây chun
W01016B.mp4,dây điện
W01016N.mp4,dây điện
W01016T.mp4,dây điện
W01017.mp4,dây thần kinh
W01018.mp4,dây thừng
W01019.mp4,dây xích
W01021.mp4,dẻo
W01022B.mp4,dép quai hậu
W01022T.mp4,dép quai hậu
W01022N.mp4,dép quai hậu
W01024.mp4,dê con
W01026.mp4,dễ chịu
W01025.mp4,dê mẹ
W01027.mp4,dễ thương
W01028.mp4,dệt
W01029.mp4,di chuyển
W01032B.mp4,di truyền
W01032N.mp4,di truyền
W01033B.mp4,dịch vụ
W01032T.mp4,di truyền
W01034.mp4,diêm
W01033N.mp4,dịch vụ
W01033T.mp4,dịch vụ
W01038.mp4,diễn thuyết
W01036.mp4,kịch câm
W01035.mp4,kịch
W01039.mp4,diện tích
W01041.mp4,diện tích xung quanh
W01040.mp4,diện tích toàn phần
W01042.mp4,diệt chủng
W01043.mp4,xịt côn trùng
W01044.mp4,diều
W01046.mp4,Dinh Độc Lập
W01051.mp4,doanh nghiệp
W01050.mp4,hăm dọa
W01053.mp4,doanh trại
W01054.mp4,dọc
W01055.mp4,dòng chữ
W01056.mp4,dòng họ
W01058.mp4,dòng sông
W01060.mp4,dốc
W01061.mp4,dốt
W01062.mp4,du học
W01064.mp4,du thuyền
W01068.mp4,dũng cảm
W01069.mp4,dụng cụ
W01070.mp4,duyên dáng
W01071.mp4,duyệt binh
W01075B.mp4,nhà nước
W01075N.mp4,nhà nước
W01075T.mp4,nhà nước
W01076.mp4,dựng phim
W01078.mp4,đá bóng
W01079.mp4,pháo đài
W01082B.mp4,đại diện
W01080.mp4,đài sen
W01082N.mp4,đại diện
W01082T.mp4,đại diện
W01083.mp4,đại dương
W01085.mp4,đại số
W01086.mp4,đại tá
W01088.mp4,đại tướng
W01089.mp4,đại úy
W01092.mp4,đảm nhiệm
W01093.mp4,đám ma
W01094.mp4,đám mây
W01095.mp4,đan
W01096.mp4,đàn xê lô đại vĩ cầm
W01098.mp4,đàn bầu
W01099.mp4,đàn bướm
W01100.mp4,đàn ghi ta
W01101.mp4,đàn kiến
W01103.mp4,đàn tơ-rưng
W01104.mp4,đàng ngoài
W01105.mp4,đàng trong
W01106.mp4,đáng quý
W01107.mp4,đánh
W01108.mp4,đánh bắt
W01110.mp4,đánh giá
W01112.mp4,đánh răng
W01113.mp4,đánh trống
W01114.mp4,đạn
W01115.mp4,đào tạo
W01116.mp4,đảo
W01117.mp4,đảo Lý Sơn
W01118.mp4,đảo Phú Quốc
W01122.mp4,đặc biệt
W01122B.mp4,đặc biệt
W01122N.mp4,đặc biệt
W01122T.mp4,đặc biệt
W01124.mp4,đặc điểm
W01125.mp4,Đắk Lắk
W01127.mp4,đăng nhập
W01126.mp4,đăng ký
W01128.mp4,đằng sau
W01129.mp4,đằng trước
W01130.mp4,Đặng Văn Ngữ
W01131.mp4,đắt đỏ
W01132.mp4,đặt
W01134.mp4,đập
W01135.mp4,đất
W01137.mp4,đất màu mỡ
W01138.mp4,đất nặn
W01140.mp4,đất trồng cây
W01141.mp4,đầu gối
W01142.mp4,đầu hàng
W01143.mp4,đầu tàu
W01144.mp4,đầu tiên
W01145.mp4,đầu xuôi đuôi lọt
W01146.mp4,đấu tranh
W01148.mp4,đấu vật
W01149.mp4,đầy
W01150.mp4,đầy đủ
W01151.mp4,đầy tớ
W01152.mp4,đẩy
W01153B.mp4,đen láy (như đen nhánh)
W01153N.mp4,đen láy (như đen nhánh)
W01153T.mp4,đen láy (như đen nhánh)
W01154B.mp4,đèn báo giao thông
W01154N.mp4,đèn báo giao thông
W01154T.mp4,đèn báo giao thông
W01155B.mp4,đèn điện
W01155N.mp4,đèn điện
W01155T.mp4,đèn điện
W01156.mp4,đèn đỏ
W01158.mp4,đèn lồng
W01159B.mp4,đèn pin
W01159N.mp4,đèn pin
W01161B.mp4,đèn vàng
W01159T.mp4,đèn pin
W01161N.mp4,đèn vàng
W01161T.mp4,đèn vàng
W01162B.mp4,đèn xanh
W01162N.mp4,đèn xanh
W01162T.mp4,đèn xanh
W01164.mp4,đeo kính
W01165B.mp4,đèo Hải Vân
W01165N.mp4,đèo Hải Vân
W01165T.mp4,đèo Hải Vân
W01166.mp4,đèo
W01170.mp4,đẹp đẽ (như đẹp)
W01172.mp4,đẹp mê hồn
W01173.mp4,để (đặt)
W01175.mp4,đề-ca-mét (dam)
W01176.mp4,đề-ca-mét vuông (dam2)
W01177B.mp4,đề nghị
W01177N.mp4,đề nghị
W01177T.mp4,đề nghị
W01179.mp4,đề tài
W01181.mp4,đề-xi-mét (dm)
W01182.mp4,đề-xi-mét khối (dm3)
W01184.mp4,đếm
W01183.mp4,đề-xi-mét vuông (dm2)
W01185N.mp4,đền
W01188.mp4,đều đặn
W01186.mp4,Đền Hùng
W01190.mp4,đi
W01191.mp4,đi học
W01192.mp4,đĩa
W01193.mp4,đĩa DVD
W01194.mp4,địa cầu
W01196.mp4,địa đạo Củ Chi
W01197.mp4,địa điểm
W01199.mp4,địa lí
W01201.mp4,đích
W01203.mp4,điểm ở giữa đoạn thẳng
W01204.mp4,tấm lòng
W01205B.mp4,điện
W01205N.mp4,điện
W01205T.mp4,điện
W01207.mp4,Điện Biên Phủ
W01208.mp4,điện thoại
W01210.mp4,điêu khắc
W01211.mp4,quả điều
W01211N.mp4,quả điều
W01212B.mp4,điều phối
W01212N.mp4,điều phối
W01213B.mp4,điều hòa
W01213T.mp4,điều hòa
W01214.mp4,điều khiển
W01215.mp4,điều kiện
W01216.mp4,điều tra
W01217.mp4,điều trị
W01219.mp4,đinh
W01224.mp4,đỉnh
W01225.mp4,đỉnh núi
W01226.mp4,định vị
W01227.mp4,đo
W01229.mp4,đoàn cải lương
W01231.mp4,đoàn thanh niên
W01232.mp4,đoàn tụ
W01234.mp4,đoán
W01235.mp4,đoạn thẳng
W01236.mp4,đoạn thơ
W01237.mp4,đoạn văn
W01239.mp4,đọc sách
W01241.mp4,đón
W01243.mp4,đóng cửa
W01242.mp4,đón tiếp
W01244.mp4,đóng dấu
W01246.mp4,đóng góp
W01248.mp4,đô thị
W01249.mp4,đồ chơi
W01250.mp4,đồ dùng dạy học
W01251.mp4,đồ dùng học tập
W01254.mp4,độc hại
W01255.mp4,đôi dép
W01256.mp4,đổi
W01257.mp4,đối diện
W01258.mp4,đối tượng
W01259B.mp4,nhập ngũ
W01259N.mp4,nhập ngũ
W01259T.mp4,nhập ngũ
W01260.mp4,đội trưởng
W01261.mp4,đồn công an
W01262.mp4,Đông Nam
W01263.mp4,Đông Nam Á
W01264.mp4,đồng bằng
W01265.mp4,đồng hồ
W01266.mp4,Đồng Nai
W01267.mp4,Đồng Tháp Mười
W01268.mp4,đổ nước
W01272.mp4,độc lập
W01273.mp4,đôi chân
W01274.mp4,đôi tay
W01277.mp4,đổi mới
W01279.mp4,đối thoại
W01280.mp4,đối xử
W01281.mp4,đối xứng
W01283.mp4,đội thiếu niên
W01284.mp4,trống (không có gì)
W01286.mp4,Đông Dương
W01287.mp4,đông lạnh
W01288.mp4,Đông Timor (nước Đông Timor)
W01289.mp4,đồng bào
W01293.mp4,đồng lúa
W01294N.mp4,đồng phục
W01294B.mp4,đồng phục
W01294T.mp4,đồng phục
W01296.mp4,đồng tiền
W01295.mp4,đồng ruộng
W01297.mp4,rơm rớm
W01298.mp4,nhiệt độ
W01299.mp4,động cơ
W01301.mp4,tác động
W01302.mp4,động viên
W01304B.mp4,đợi
W01304N.mp4,đợi
W01304T.mp4,đợi
W01305.mp4,đơn giản
W01310.mp4,dung tích
W01313.mp4,tính
W01314.mp4,đỡ
W01315.mp4,đua ngựa
W01316.mp4,đua thuyền
W01317.mp4,đua xe máy
W01318.mp4,đũa
W01321.mp4,đun nấu
W01322.mp4,đuốc
W01323.mp4,đuôi
W01324.mp4,sa thải
W01325.mp4,đưa đón
W01326.mp4,đứng nghiêm
W01328.mp4,đựng
W01329.mp4,đường biên giới
W01330.mp4,đường bộ
W01331.mp4,đường cao
W01332.mp4,đường chéo
W01335.mp4,đường hàng không
W01336.mp4,đường hầm
W01337.mp4,đường kính
W01341.mp4,đường Nguyễn Huệ
W01343.mp4,đường sắt
W01344.mp4,đường thẳng
W01345.mp4,đường thuỷ
W01346.mp4,đường tròn
W01348B.mp4,e thẹn
W01348N.mp4,e thẹn
W01348T.mp4,e thẹn
W01349.mp4,em dâu
W01350.mp4,em gái
W01351B.mp4,em rể
W01351N.mp4,em rể
W01351T.mp4,em rể
W01352B.mp4,em trai
W01352N.mp4,em trai
W01352T.mp4,em trai
W01353.mp4,em út
W01354.mp4,email
W01357.mp4,Ê Đê
W01358.mp4,ế ẩm
W01360.mp4,Ê-ti-ô-pi-a (nước Ê-ti-ô-pi-a)
W01364B.mp4,ga tàu
W01364N.mp4,ga tàu
W01364T.mp4,ga tàu
W01365N.mp4,gà mái
W01366.mp4,gà rừng
W01367.mp4,gà tây
W01368.mp4,gà trống
W01376.mp4,gãi đầu gãi tai
W01377.mp4,gan
W01375.mp4,gai
W01378N.mp4,gan dạ
W01379.mp4,gan lì
W01381.mp4,gang tay
W01382.mp4,gánh
W01384B.mp4,gạo
W01384N.mp4,gạo
W01384T.mp4,gạo
W01385.mp4,gạo nếp
W01387.mp4,gãy chân
W01388.mp4,gãy tay
W01389.mp4,gáy
W01390.mp4,gặm cỏ
W01391.mp4,gặm xương (con chó gặm xương)
W01392.mp4,gắn bó
W01393.mp4,găng tay
W01394.mp4,gắp thức ăn
W01395.mp4,gặp gỡ
W01396.mp4,gặt lúa
W01397.mp4,gần gũi
W01398.mp4,gấp giấy
W01399.mp4,gấp quần áo
W01400.mp4,gật đầu
W01401.mp4,gật gù
W01403B.mp4,gầy (miền Nam: ốm)
W01403N.mp4,gầy (miền Nam: ốm)
W01403T.mp4,gầy (miền Nam: ốm)
W01404.mp4,gậy của người già
W01406.mp4,ghé thăm
W01407.mp4,ghép hình
W01410.mp4,ghi chép
W01411.mp4,ghi chú
W01412.mp4,ghi hình
W01413.mp4,ghi nhớ
W01415.mp4,Gia Lai
W01417T.mp4,giả bộ (giống giả vờ)
W01418.mp4,giả mạo
W01419.mp4,giả sử
W01420.mp4,giá sách
W01423.mp4,giai đoạn
W01424.mp4,giải thích
W01425.mp4,giảm
W01426.mp4,giám sát
W01427.mp4,giàn mướp
W01429.mp4,giao hàng
W01430B.mp4,giao thông
W01430N.mp4,giao thông
W01432.mp4,giã
W01433B.mp4,giá trị
W01433N.mp4,giá trị
W01433T.mp4,giá trị
W01434B.mp4,giá trị phần trăm
W01434N.mp4,giá trị phần trăm
W01434T.mp4,giá trị phần trăm
W01435.mp4,giá trị tuyệt đối
W01437.mp4,giải lao
W01438.mp4,giải quyết
W01441.mp4,giám đốc
W01440.mp4,giải vô địch
W01442.mp4,giám khảo
W01443.mp4,gian khổ
W01444.mp4,giàn khoan
W01445.mp4,giàn nho
W01447B.mp4,gián tiếp
W01447N.mp4,gián tiếp
W01447T.mp4,gián tiếp
W01451.mp4,giao lưu
W01450.mp4,giao hoán
W01452.mp4,giao thừa
W01453B.mp4,giao tiếp
W01453N.mp4,giao tiếp
W01453T.mp4,giao tiếp
W01456.mp4,giáo dục
W01458.mp4,giáo sĩ
W01459.mp4,giàu có
W01462.mp4,giấc ngủ
W01463.mp4,giẫm
W01464.mp4,giận dỗi
W01465.mp4,giận dữ
W01466.mp4,giật mình
W01467.mp4,giầy ba ta
W01468.mp4,giầy dép
W01469.mp4,giầy thể thao
W01470B.mp4,giấy
W01470N.mp4,giấy
W01470T.mp4,giấy
W01471B.mp4,giấy ăn
W01471N.mp4,giấy ăn
W01471T.mp4,giấy ăn
W01472B.mp4,giấy màu
W01472N.mp4,giấy màu
W01472T.mp4,giấy màu
W01473B.mp4,giấy nháp
W01473N.mp4,giấy nháp
W01473T.mp4,giấy nháp
W01474.mp4,giấy tờ
W01476.mp4,giẻ lau
W01477.mp4,gieo xúc xắc
W01479.mp4,giết
W01478.mp4,giếng nước
W01482.mp4,gió Lào
W01486.mp4,giọng ca
W01487.mp4,giọng nói
W01485.mp4,giỏi
W01489.mp4,giông bão
W01490.mp4,giống nhau
W01491.mp4,giơ tay
W01493.mp4,giới hạn
W01494.mp4,giới thiệu
W01497B.mp4,giúp đỡ
W01497N.mp4,giúp đỡ
W01497T.mp4,giúp đỡ
W01498.mp4,giường
W01501.mp4,góc bẹt
W01503.mp4,góc học tập
W01502.mp4,góc bếp
W01505.mp4,góc nhọn
W01507.mp4,góc vuông
W01506.mp4,góc tù
W01508.mp4,góc vườn
W01510.mp4,gói
W01509.mp4,gói (đgt)
W01511.mp4,gọi
W01513.mp4,góp ý
W01512.mp4,gọn gàng
W01514.mp4,gọt bút chì (cái)
W01516B.mp4,gỗ
W01515.mp4,gọt bút chì
W01516N.mp4,gỗ
W01516T.mp4,gỗ
W01517.mp4,gốm sứ
W01518.mp4,gợi ý
W01520.mp4,gửi quà
W01519.mp4,gửi
W01522.mp4,gửi thư
W01523.mp4,gương
W01524.mp4,gương mặt
W01525.mp4,gương mẫu
W01526.mp4,Hà Giang
W01527.mp4,Hà Lan (nước Hà Lan)
W01530.mp4,Hạ Long
W01532.mp4,hài hước
W01533.mp4,Hải Dương
W01534.mp4,hải đảo
W01536.mp4,hàm răng
W01537.mp4,hạn hán
W01539.mp4,hàng chục
W01540.mp4,hàng chục nghìn
W01541.mp4,hàng chục triệu
W01542.mp4,hàng dọc
W01543.mp4,hàng đơn vị
W01545.mp4,hàng ngang
W01546.mp4,hàng nghìn
W01547.mp4,hàng trăm
W01548.mp4,hàng trăm nghìn
W01550.mp4,hàng triệu
W01552.mp4,hàng xóm
W01554.mp4,hành động
W01556.mp4,hành lang
W01557B.mp4,hành quân
W01557N.mp4,hành quân
W01557T.mp4,hành quân
W01558.mp4,hành tinh
W01559.mp4,hành vi
W01560.mp4,hát ru
W01562.mp4,hạt
W01563.mp4,hạt cườm
W01566.mp4,hạt lạc
W01568.mp4,hạt tiêu
W01567.mp4,hạt lúa
W01569.mp4,hăng hái
W01570.mp4,hằng đẳng thức
W01571.mp4,hắt hơi
W01572.mp4,Hậu Giang
W01575B.mp4,héc-ta (ha)
W01573.mp4,hậu quả
W01576B.mp4,héc-tô-gam (hg)
W01576N.mp4,héc-tô-gam (hg)
W01576T.mp4,héc-tô-gam (hg)
W01577B.mp4,héc-tô-mét (hm)
W01577N.mp4,héc-tô-mét (hm)
W01577T.mp4,héc-tô-mét (hm)
W01578B.mp4,héc-tô-mét vuông (hm2)
W01578N.mp4,héc-tô-mét vuông (hm2)
W01578T.mp4,héc-tô-mét vuông (hm2)
W01579.mp4,héo
W01582B.mp4,hệ thống
W01580.mp4,hét (giống la)
W01582N.mp4,hệ thống
W01582T.mp4,hệ thống
W01583B.mp4,hi sinh
W01583N.mp4,hi sinh
W01584B.mp4,hi vọng
W01584N.mp4,hi vọng
W01583T.mp4,hi sinh
W01584T.mp4,hi vọng
W01588.mp4,hiện nay
W01587.mp4,hiện đại
W01591B.mp4,hiểu
W01591N.mp4,hiểu
W01591T.mp4,hiểu
W01593.mp4,hiếu thảo
W01594.mp4,hiệu thuốc
W01595.mp4,hiệu (Toán học)
W01596.mp4,hiệu cầm đồ
W01599.mp4,hình
W01600.mp4,hình bình hành
W01601.mp4,hình cầu
W01602.mp4,hình chiếu
W01603.mp4,hình dáng
W01604.mp4,hình elip
W01605.mp4,hình học
W01606.mp4,hình hộp chữ nhật
W01608.mp4,hình lập phương
W01610.mp4,hình phạt
W01612.mp4,hình thang
W01616.mp4,hình trụ
W01617.mp4,hình tứ giác
W01619B.mp4,hoa
W01618.mp4,hình vẽ
W01619N.mp4,hoa
W01619T.mp4,hoa
W01620.mp4,hoa cúc
W01621.mp4,hoa đào
W01622.mp4,hoa hồng
W01629B.mp4,hoa sen
W01625.mp4,hoa lay ơn
W01629N.mp4,hoa sen
W01629T.mp4,hoa sen
W01634.mp4,hòa bình
W01637.mp4,hòa nhập
W01638.mp4,họa sỹ
W01641.mp4,hoàn thành
W01643.mp4,hoán vị
W01645.mp4,hoàng đế
W01646.mp4,hoàng hôn
W01649.mp4,Hoàng tử
W01650.mp4,hoảng sợ
W01651B.mp4,hoạt động
W01655B.mp4,hoạt hình
W01655N.mp4,hoạt hình
W01655T.mp4,hoạt hình
W01656.mp4,học giỏi
W01658.mp4,học sinh Miền Nam
W01659.mp4,học trung bình
W01660.mp4,hỏi han
W01661.mp4,hòn đá
W01662.mp4,hót rác
W01665.mp4,học bổng
W01666.mp4,học kém
W01668.mp4,học nhóm
W01669.mp4,học phí
W01670.mp4,học tập
W01672B.mp4,hỏi
W01671.mp4,học trò
W01672N.mp4,hỏi
W01673B.mp4,hỏi thăm
W01672T.mp4,hỏi
W01674B.mp4,hòn bi (giống viên bi)
W01675B.mp4,hỏng
W01675N.mp4,hỏng
W01675T.mp4,hỏng
W01677B.mp4,họp
W01676.mp4,họng
W01677N.mp4,họp
W01677T.mp4,họp
W01678.mp4,hót
W01679.mp4,hót rác (cái hót rác)
W01681.mp4,Hồ Chí Minh
W01682.mp4,hồ dán
W01684.mp4,hồ Hoàn Kiếm
W01686.mp4,hồ nước
W01690B.mp4,hồi hộp
W01690N.mp4,hồi hộp
W01690T.mp4,hồi hộp
W01692N.mp4,hối hận
W01692T.mp4,hối hận
W01692B.mp4,hối hận
W01693.mp4,hối lộ
W01695B.mp4,hội nghị
W01696.mp4,hội thảo
W01696N.mp4,hội thảo
W01700.mp4,hôn
W01698.mp4,hội trường
W01701.mp4,hỗn số
W01702.mp4,hộp
W01703.mp4,hộp bút
W01704.mp4,hộp sữa
W01707B.mp4,hợp đồng
W01706.mp4,hơi nước
W01707T.mp4,hợp đồng
W01708.mp4,hợp lí
W01709.mp4,hợp tác
W01710.mp4,huân chương
W01711.mp4,hung ác
W01712.mp4,hung thủ
W01714.mp4,Hung-ga-ri (nước Hung-ga-ri)
W01716.mp4,hút nước
W01715.mp4,Hùng Vương
W01717.mp4,hút thuốc lá
W01718.mp4,huy hiệu
W01721B.mp4,huyện
W01719.mp4,huỷ diệt
W01721N.mp4,huyện
W01723.mp4,Hưng Yên
W01721T.mp4,huyện
W01724.mp4,hướng dẫn
W01725.mp4,muối i-ốt
W01726.mp4,I-rắc (nước I-rắc)
W01727.mp4,ích lợi
W01728B.mp4,in (ấn)
W01730.mp4,ít
W01731.mp4,ít hơn
W01732.mp4,ít nhất
W01733.mp4,Italia (nước Italia)
W01734.mp4,kẻ cắp
W01735.mp4,kèn
W01737.mp4,kẻ thù
W01738B.mp4,kém
W01738N.mp4,kém
W01738T.mp4,kém
W01739.mp4,keo kiệt
W01740.mp4,kéo
W01743B.mp4,kẹo
W01743N.mp4,kẹo
W01743T.mp4,kẹo
W01744.mp4,kẹp
W01746.mp4,kể chuyện
W01750.mp4,kết bạn
W01751.mp4,kết hợp
W01754B.mp4,kết quả
W01754N.mp4,kết quả
W01755.mp4,kêu
W01754T.mp4,kết quả
W01756.mp4,kêu gọi
W01758.mp4,khách
W01757.mp4,khác
W01759.mp4,khách mời
W01760.mp4,khách sạn
W01761.mp4,khách vip
W01764.mp4,hoang mang
W01766.mp4,khai mạc
W01767.mp4,khám bệnh
W01768.mp4,khám phá
W01771.mp4,kháng sinh
W01770.mp4,kháng cự
W01772.mp4,Khánh Hòa
W01774.mp4,khát nước
W01775.mp4,khát vọng
W01776.mp4,khắc phục
W01777.mp4,khăn mặt
W01779.mp4,khăn quàng
W01780.mp4,khăn quàng đỏ
W01783.mp4,khâm phục
W01784.mp4,khâu vá
W01785.mp4,khẩu hiệu
W01786.mp4,khẩu trang
W01787.mp4,khe cửa
W01788.mp4,khe núi
W01789.mp4,khen
W01791.mp4,khen tặng
W01792.mp4,khéo
W01793.mp4,khép cửa
W01794.mp4,khí cầu
W01796.mp4,khiêm tốn
W01800.mp4,khiêng
W01803B.mp4,khó khăn
W01803N.mp4,khó khăn
W01804.mp4,khoa học
W01806.mp4,khóa quần
W01807.mp4,khoác vai
W01808.mp4,khoan (cái khoan)
W01809.mp4,khoảng cách
W01810.mp4,khoá (cái khóa)
W01813.mp4,khoác áo
W01811.mp4,khóa cửa
W01814.mp4,khoác tay
W01815.mp4,khoan
W01820.mp4,khoanh tay
W01816.mp4,khoang tàu
W01821.mp4,khóc
W01822.mp4,khoe
W01823.mp4,khoẻ mạnh
W01824B.mp4,khỏi bệnh
W01824N.mp4,khỏi bệnh
W01824T.mp4,khỏi bệnh
W01825.mp4,khói
W01826.mp4,khóm dứa
W01828.mp4,khô héo
W01827.mp4,bụi tre
W01829.mp4,khổ thơ
W01831.mp4,cầu Long Biên
W01832.mp4,khối lượng
W01833.mp4,không gian
W01834.mp4,không thẳng hàng
W01835.mp4,khổng lồ
W01840B.mp4,không hiểu
W01836.mp4,khố
W01840N.mp4,không hiểu
W01840T.mp4,không hiểu
W01841.mp4,không khí
W01842.mp4,khổ
W01847.mp4,khớp xương
W01842N.mp4,khổ
W01849.mp4,khu rừng
W01852.mp4,vực sâu
W01851.mp4,khu vườn
W01854.mp4,khúc khuỷu
W01856.mp4,khung cửa số
W01857.mp4,khung thành
W01858.mp4,khuôn hình
W01860.mp4,khuyên tai
W01859.mp4,khuy
W01861.mp4,kì diệu
W01862.mp4,kì lạ
W01863.mp4,kí duyệt
W01864.mp4,ki-lô-gam
W01865.mp4,ki-lô-mét vuông (km2)
W01866B.mp4,kỉ niệm
W01866N.mp4,kỉ niệm
W01866T.mp4,kỉ niệm
W01867.mp4,kí hiệu
W01869.mp4,ki-lô-mét (km)
W01871.mp4,kỉ luật
W01872B.mp4,kí tên
W01872N.mp4,kí tên
W01872T.mp4,kí tên
W01876.mp4,kịch bản
W01878B.mp4,kiểm tra
W01878N.mp4,kiểm tra
W01878T.mp4,kiểm tra
W01879.mp4,kiếm (cái kiếm)
W01881.mp4,Kiên Giang
W01882.mp4,kiên quyết
W01883.mp4,kiên trì (giống: kiên nhẫn)
W01885.mp4,kiến thức
W01886.mp4,kiến trúc
W01887.mp4,kiến trúc sư
W01888.mp4,"kiêu (kiêu căng, kiêu xa)"
W01890.mp4,kim
W01897.mp4,kinh ngạc
W01898B.mp4,kinh nghiệm
W01898N.mp4,kinh nghiệm
W01898T.mp4,kinh nghiệm
W01900.mp4,kính
W01902.mp4,kính hiển vi
W01903.mp4,kính lão
W01904.mp4,kính lúp
W01906.mp4,kính trọng
W01908.mp4,Kon Tum
W01909.mp4,la bàn
W01910.mp4,la hét
W01911B.mp4,là gì?
W01911N.mp4,là gì?
W01911T.mp4,là gì?
W01912B.mp4,lá cây
W01912N.mp4,lá cây
W01913.mp4,lá thư
W01914.mp4,Lạc Long Quân
W01915.mp4,lạc quan
W01920B.mp4,lái tàu hỏa
W01920N.mp4,lái tàu hỏa
W01920T.mp4,lái tàu hỏa
W01924.mp4,làm bài tập
W01924N.mp4,làm bài tập
W01925B.mp4,làm quen
W01926.mp4,làm ruộng
W01928.mp4,làm việc
W01930.mp4,lang thang
W01932.mp4,làn sóng
W01939.mp4,làng xóm
W01940.mp4,Lạng Sơn
W01943.mp4,thổ dân
W01942.mp4,lãnh đạo
W01944.mp4,lao phổi
W01945B.mp4,Lào (nước Lào)
W01945N.mp4,Lào (nước Lào)
W01945T.mp4,Lào (nước Lào)
W01947.mp4,lão già
W01948.mp4,lau chùi
W01949.mp4,lau khô
W01950.mp4,lau nhà
W01951.mp4,lắc đầu
W01953.mp4,lăng Bác Hồ
W01955.mp4,lắng nghe
W01956.mp4,lặn
W01957.mp4,lặng lẽ
W01960.mp4,lắp ráp
W01961.mp4,Lâm Đồng
W01962.mp4,lẫn lộn
W01964.mp4,lầu (tầng)
W01966.mp4,lây bệnh
W01967.mp4,lây nhiễm
W01970.mp4,lấy
W01973.mp4,leo trèo
W01977.mp4,lễ bế giảng
W01977B.mp4,lễ bế giảng
W01978B.mp4,lễ hội
W01978N.mp4,lễ hội
W01978T.mp4,lễ hội
W01979B.mp4,lễ Nô-en
W01979N.mp4,lễ Nô-en
W01979T.mp4,lễ Nô-en
W01982B.mp4,lễ hội hóa trang
W01982N.mp4,lễ hội hóa trang
W01982T.mp4,lễ hội hóa trang
W01983.mp4,lễ phép
W01984.mp4,lễ vật
W01986.mp4,lên đường
W01987.mp4,lên ngôi
W01989.mp4,lên xe
W01991.mp4,lều trại
W01992.mp4,lí do
W01996B.mp4,Liên Bang Nga (nước Nga)
W01996N.mp4,Liên Bang Nga (nước Nga)
W01996T.mp4,Liên Bang Nga (nước Nga)
W01998B.mp4,liên hoan
W01998N.mp4,liên hoan
W01998T.mp4,liên hoan
W01999.mp4,liên kết
W02000B.mp4,liên lạc
W02000N.mp4,liên lạc
W02000T.mp4,liên lạc
W02001B.mp4,liên quan
W02001N.mp4,liên quan
W02001T.mp4,liên quan
W02002.mp4,liên tục
W02003.mp4,liền sau
W02004.mp4,liền trước
W02005.mp4,liệt (liệt tay chân)
W02006.mp4,liều lĩnh
W02008.mp4,liều mình
W02010.mp4,linh hồn
W02011.mp4,lĩnh hội
W02012B.mp4,lĩnh vực
W02012N.mp4,lĩnh vực
W02012T.mp4,lĩnh vực
W02016.mp4,lo sợ
W02018.mp4,lò xo
W02019.mp4,lọ hoa
W02020.mp4,lọ mực
W02021.mp4,loa
W02024B.mp4,loài vật
W02024N.mp4,loài vật
W02024T.mp4,loài vật
W02025.mp4,loạn thị
W02026.mp4,lon bia
W02027.mp4,Long An
W02032.mp4,lọng
W02035.mp4,lỗi chính tả
W02036.mp4,lỗi lầm
W02037.mp4,lối đi
W02039.mp4,lông
W02040.mp4,lông gà
W02041.mp4,lồng bàn
W02042.mp4,lồng chim
W02043.mp4,lồng tiếng
W02046.mp4,lơ lửng
W02047.mp4,lời giải
W02048.mp4,lời nói
W02049.mp4,lợi ích
W02052.mp4,lớp
W02055.mp4,lớp phó
W02057.mp4,lớp trưởng
W02059.mp4,lũ quét
W02060.mp4,lúa
W02064B.mp4,luật chơi
W02064N.mp4,luật chơi
W02064T.mp4,luật chơi
W02065.mp4,luật lệ
W02066B.mp4,lúc nào
W02066N.mp4,lúc nào
W02066T.mp4,lúc nào
W02067.mp4,lục địa
W02068.mp4,lục giác
W02070.mp4,lùi bước
W02071.mp4,lúng túng
W02073.mp4,lũy tre
W02074.mp4,luyện tập
W02076.mp4,lửa
W02075.mp4,luyện từ và câu
W02077.mp4,lược
W02078N.mp4,lười
W02078B.mp4,lười
W02078T.mp4,lười
W02079B.mp4,lười học
W02079N.mp4,lười học
W02079T.mp4,lười học
W02080.mp4,lưỡi
W02081.mp4,lưỡi câu
W02083.mp4,lưới
W02084.mp4,lượm
W02090.mp4,lương thực
W02091.mp4,lướt ván
W02096.mp4,cây thông
W02097.mp4,dự trữ
W02098.mp4,lưu ý
W02099.mp4,lựu
W02100.mp4,lựu đạn
W02104.mp4,ma
W02105.mp4,ma cà rồng
W02106.mp4,ma quỷ
W02107.mp4,ma sát
W02108.mp4,ma túy
W02112.mp4,mạch lạc
W02110.mp4,má (giống: mẹ)
W02109.mp4,mã vạch
W02113.mp4,mạch máu
W02116.mp4,mái chèo
W02117.mp4,mái hiên
W02119.mp4,mái tóc
W02118.mp4,mái nhà
W02120B.mp4,màn
W02120N.mp4,màn
W02120T.mp4,màn
W02125.mp4,mạng lưới
W02129.mp4,mạnh bạo (giống: mạnh dạn)
W02131.mp4,mạnh mẽ
W02132.mp4,màu cam
W02133B.mp4,màu đen
W02134.mp4,màu đỏ
W02137B.mp4,màu nâu
W02137N.mp4,màu nâu
W02137T.mp4,màu nâu
W02138.mp4,màu nhiệm
W02140B.mp4,màu trắng
W02140T.mp4,màu trắng
W02140N.mp4,màu trắng
W02142B.mp4,màu xanh da trời
W02142N.mp4,màu xanh da trời
W02142T.mp4,màu xanh da trời
W02143B.mp4,màu xanh lá cây
W02143N.mp4,màu xanh lá cây
W02143T.mp4,màu xanh lá cây
W02144.mp4,má
W02145.mp4,máy ảnh
W02146.mp4,máy bơm
W02147.mp4,máy chiếu
W02148B.mp4,máy in
W02148N.mp4,máy in
W02148T.mp4,máy in
W02150.mp4,máy quay
W02149.mp4,máy khâu
W02151.mp4,máy tính (laptop)
W02152.mp4,máy tính bỏ túi
W02155.mp4,mắc áo
W02156.mp4,mặc
W02159.mp4,mặc kệ
W02160.mp4,mặc quần áo
W02161.mp4,mắm
W02162.mp4,măng
W02164B.mp4,mắng
W02164N.mp4,mắng
W02164T.mp4,mắng
W02166.mp4,mặt
W02171.mp4,mặt đất
W02172.mp4,mặt vuông
W02173.mp4,mặt nạ
W02175.mp4,mặt dài
W02177.mp4,mâm cơm
W02178B.mp4,mâm ngũ quả
W02178N.mp4,mâm ngũ quả
W02180.mp4,mầm cây
W02178T.mp4,mâm ngũ quả
W02181.mp4,mầm non
W02182.mp4,mất ngủ
W02183.mp4,mất trí
W02187B.mp4,mật khẩu
W02187N.mp4,mật khẩu
W02189.mp4,mật ong
W02187T.mp4,mật khẩu
W02191.mp4,mẫu số
W02192.mp4,mẫu số bé
W02193.mp4,mẫu số chung
W02194.mp4,mẫu số lớn
W02195.mp4,mây
W02196.mp4,mấy giờ?
W02197.mp4,mét (m)
W02198.mp4,mét khối (m3)
W02199.mp4,mét vuông (m2)
W02200B.mp4,Mexico (nước Mexico)
W02200N.mp4,Mexico (nước Mexico)
W02200T.mp4,Mexico (nước Mexico)
W02202.mp4,mê say (như: say mê)
W02203.mp4,mê tín
W02204.mp4,mềm mại
W02205.mp4,mênh mông
W02208.mp4,mi-li-mét (mm)
W02209.mp4,mĩ thuật
W02211.mp4,miền Bắc Việt Nam
W02212.mp4,miền Nam Việt Nam
W02214.mp4,miêu tả
W02215.mp4,minh hoạ
W02217.mp4,khoan (khoan đã)
W02218.mp4,móc áo
W02219.mp4,Mặt trời mọc
W02220.mp4,mõm
W02221B.mp4,muốn
W02221N.mp4,muốn
W02221T.mp4,muốn
W02222.mp4,Mặt trời lặn
W02223.mp4,móng chân
W02225.mp4,móng tay
W02226.mp4,móng vuốt
W02227.mp4,mô hình
W02229.mp4,mồ côi
W02230.mp4,mồ côi cha mẹ
W02231.mp4,mồ hôi
W02234.mp4,mộc nhĩ
W02235.mp4,môi
W02236.mp4,môi trường
W02237.mp4,mỗi
W02238.mp4,môn Âm nhạc
W02239B.mp4,môn Đạo đức
W02239N.mp4,môn Đạo đức
W02239T.mp4,môn Đạo đức
W02240N.mp4,môn Giáo dục công dân
W02241.mp4,môn Giáo dục thể chất
W02242.mp4,môn Khoa học
W02243.mp4,môn Kĩ thuật
W02243B.mp4,môn Kĩ thuật
W02243N.mp4,môn Kĩ thuật
W02243T.mp4,môn Kĩ thuật
W02244N.mp4,môn Lịch sử
W02244B.mp4,môn Lịch sử
W02244T.mp4,môn Lịch sử
W02245.mp4,môn Mĩ thuật
W02246.mp4,môn Ngoại ngữ
W02247.mp4,môn Sinh học
W02249.mp4,môn Tin học và Công nghệ
W02248.mp4,môn Tiếng Việt
W02250.mp4,môn Toán
W02251.mp4,môn Tự nhiên và Xã hội
W02252.mp4,một cặp
W02253.mp4,một đôi
W02254.mp4,một mình
W02255.mp4,mơ ngủ
W02256.mp4,mơ ước
W02257.mp4,mở
W02259.mp4,mở đầu
W02258.mp4,mở cửa
W02260.mp4,mở màn
W02261.mp4,mở rộng
W02262.mp4,mớ rau
W02263.mp4,mời
W02264N.mp4,mới
W02264B.mp4,mới
W02264T.mp4,mới
W02265.mp4,mũ lưỡi trai
W02266.mp4,mua bán
W02267.mp4,mua vé
W02269.mp4,mùa đông
W02270B.mp4,mùa hè
W02270N.mp4,mùa hè
W02270T.mp4,mùa hè
W02271.mp4,mùa thu
W02272N.mp4,mùa xuân
W02272B.mp4,mùa xuân
W02272T.mp4,mùa xuân
W02273.mp4,múa rối
W02275.mp4,mũ
W02276.mp4,múa
W02277.mp4,múa lân
W02279.mp4,mục lục
W02278.mp4,múa sạp
W02282.mp4,mưa phùn
W02280.mp4,mui xe
W02281.mp4,muộn
W02283.mp4,mứt
W02284.mp4,Nam bán cầu
W02285.mp4,Nam Định
W02289.mp4,nạn nhân
W02291.mp4,náo nức
W02290.mp4,"náo động, náo nhiệt"
W02292B.mp4,nạp điện
W02292N.mp4,nạp điện
W02292T.mp4,nạp điện
W02294.mp4,năm ngoái
W02295.mp4,nằm
W02296.mp4,nắn nót
W02297.mp4,năng khiếu
W02298.mp4,năng lực
W02300.mp4,nặn
W02301.mp4,nặng hơn
W02302.mp4,nắp
W02303.mp4,nấm
W02304.mp4,nẻ
W02305.mp4,nén
W02311.mp4,nét mặt
W02321.mp4,nếm
W02322.mp4,nền nhà
W02323.mp4,nến
W02324.mp4,ngà voi
W02325.mp4,ngã ba
W02327B.mp4,ngày khai trường
W02328N.mp4,ngày Nhà giáo Việt nam
W02329B.mp4,ngày tháng
W02329N.mp4,ngày tháng
W02328T.mp4,ngày Nhà giáo Việt nam
W02330.mp4,ngã
W02332.mp4,ngạc nhiên
W02329T.mp4,ngày tháng
W02333.mp4,ngành nghề
W02336B.mp4,ngày nay
W02334.mp4,ngày đêm
W02336N.mp4,ngày nay
W02336T.mp4,ngày nay
W02337B.mp4,ngày Quốc tế Lao động
W02337N.mp4,ngày Quốc tế Lao động
W02338B.mp4,ngày sinh
W02337T.mp4,ngày Quốc tế Lao động
W02338N.mp4,ngày sinh
W02338T.mp4,ngày sinh
W02339.mp4,ngày xưa
W02340.mp4,ngăn cản
W02343.mp4,ngắn
W02342.mp4,ngăn chặn
W02344.mp4,ngắn nhất
W02345B.mp4,ngắt hoa
W02345N.mp4,ngắt hoa
W02346.mp4,ngâm hạt
W02348.mp4,ngân hàng
W02349.mp4,ngẩng đầu
W02350.mp4,ngập lụt
W02352.mp4,ngây thơ
W02353.mp4,nghe
W02354B.mp4,nghé
W02354N.mp4,nghé
W02354T.mp4,nghé
W02355.mp4,nghẹn ngào
W02356.mp4,nghệ sĩ
W02357B.mp4,nghệ thuật
W02357N.mp4,nghệ thuật
W02357T.mp4,nghệ thuật
W02359B.mp4,nghi ngờ
W02359N.mp4,nghi ngờ
W02359T.mp4,nghi ngờ
W02360B.mp4,nghỉ hè
W02360N.mp4,nghỉ hè
W02360T.mp4,nghỉ hè
W02361B.mp4,nghỉ học
W02361N.mp4,nghỉ học
W02361T.mp4,nghỉ học
W02362.mp4,nghỉ hưu
W02363.mp4,nghỉ mát
W02364.mp4,nghỉ ngơi
W02366.mp4,nghĩa đen
W02367.mp4,nghiên cứu
W02368.mp4,nghĩ
W02369.mp4,nghị lực
W02370.mp4,nghĩa bóng
W02371.mp4,nghĩa trang
W02373B.mp4,nghiêm khắc
W02373N.mp4,nghiêm khắc
W02373T.mp4,nghiêm khắc
W02374.mp4,nghiêm túc
W02375.mp4,nghiến răng
W02378.mp4,ngoại hình
W02380.mp4,xâm hại tình dục
W02381.mp4,ngoan ngoãn
W02382.mp4,ngoắc tay
W02383.mp4,ngoặc đơn
W02384.mp4,ngoặc kép
W02385.mp4,ngoằn ngoèo
W02387.mp4,ngói
W02388.mp4,ngon giấc
W02390.mp4,ngon miệng
W02391.mp4,ngõ
W02392.mp4,ngón chân
W02393.mp4,ngón tay
W02394B.mp4,ngọn cây
W02394N.mp4,ngọn cây
W02394T.mp4,ngọn cây
W02395N.mp4,ngô
W02395T.mp4,ngô
W02398.mp4,ngộ độc
W02399.mp4,ngộ nghĩnh
W02400B.mp4,ngồi
W02400N.mp4,ngồi
W02400T.mp4,ngồi
W02401.mp4,ngôn ngữ
W02402B.mp4,ngũ quả
W02402N.mp4,ngũ quả
W02402T.mp4,ngũ quả
W02403.mp4,nguệch ngoạc
W02404.mp4,nguồn gốc
W02405B.mp4,nguy hiểm
W02405N.mp4,nguy hiểm
W02405T.mp4,nguy hiểm
W02407B.mp4,nguyên nhân
W02418.mp4,nguyện vọng
W02421.mp4,ngữ điệu
W02422.mp4,ngước nhìn
W02423.mp4,ngược đãi
W02424.mp4,ngược lại
W02426.mp4,người bán hàng
W02428.mp4,người gửi
W02430B.mp4,người lái xe (ô tô)
W02430N.mp4,người lái xe (ô tô)
W02430T.mp4,người lái xe (ô tô)
W02431.mp4,người lạ
W02432.mp4,người máy
W02433.mp4,người nhận
W02435B.mp4,người quen
W02435N.mp4,người quen
W02435T.mp4,người quen
W02437B.mp4,người xấu
W02437N.mp4,người xấu
W02437T.mp4,người xấu
W02438B.mp4,người xưa
W02438N.mp4,người xưa
W02438T.mp4,người xưa
W02439B.mp4,người yêu
W02439N.mp4,người yêu
W02439T.mp4,người yêu
W02440.mp4,ngưỡng mộ
W02441.mp4,nhà bác học
W02443.mp4,nhà cửa
W02447.mp4,nhà sàn
W02448.mp4,nhà tầng
W02449.mp4,nhà thơ
W02450.mp4,nhà thờ
W02453.mp4,nhà toán học
W02451.mp4,nhà thờ Đức Bà
W02455B.mp4,nhà trường
W02455N.mp4,nhà trường
W02455T.mp4,nhà trường
W02456.mp4,nhà tù
W02461B.mp4,nhãn vở
W02461N.mp4,nhãn vở
W02461T.mp4,nhãn vở
W02462.mp4,nhanh nhẹn
W02464.mp4,nhát gan
W02463.mp4,nhào lộn
W02465.mp4,nhảy cao
W02467.mp4,nhảy múa
W02466.mp4,nhảy dù
W02468.mp4,nháy mắt
W02469.mp4,nhạy cảm
W02470.mp4,nhắc nhở
W02471.mp4,nhăn mặt
W02472.mp4,nhặt rau
W02473B.mp4,nhân (Toán học)
W02473N.mp4,nhân (Toán học)
W02473T.mp4,nhân (Toán học)
W02476.mp4,nhân cách hoá
W02477.mp4,nhân chứng
W02478.mp4,nhân dân
W02479B.mp4,nhân hậu
W02479N.mp4,nhân hậu
W02479T.mp4,nhân hậu
W02481.mp4,nhân vật
W02483.mp4,nhận hàng
W02485.mp4,nhận
W02486.mp4,nhận thức
W02487.mp4,nhận xét
W02488.mp4,nhấp nháy
W02490B.mp4,nhập trường
W02490N.mp4,nhập trường
W02490T.mp4,nhập trường
W02492B.mp4,Nhật (nước Nhật)
W02492N.mp4,Nhật (nước Nhật)
W02492T.mp4,Nhật (nước Nhật)
W02493.mp4,nhẹ hơn
W02494.mp4,nhẹ nhàng
W02495.mp4,nhi đồng
W02497B.mp4,nhiệt kế
W02497N.mp4,nhiệt kế
W02497T.mp4,nhiệt kế
W02498.mp4,nhiều hơn
W02500.mp4,nhỏ/ nhỏ bé
W02499.mp4,nhìn
W02501.mp4,nhỏ hơn
W02502.mp4,nhỏ tuổi
W02503.mp4,nhóm
W02504.mp4,nhọn
W02505.mp4,nhọn hoắt
W02506.mp4,nhổ củ cải
W02508.mp4,nhu cầu
W02512.mp4,nhụy hoa
W02513.mp4,như hình với bóng
W02514.mp4,nhược điểm
W02515.mp4,nhường nhịn
W02517.mp4,niềm vui
W02518.mp4,Ninh Bình
W02519.mp4,Ninh Thuận
W02520B.mp4,no
W02520N.mp4,no
W02520T.mp4,no
W02521.mp4,nỏ
W02523.mp4,nói chuyện
W02522.mp4,nóc nhà
W02524.mp4,nói dối
W02526.mp4,nói leo
W02527.mp4,nón
W02528.mp4,nô lệ
W02529.mp4,nổ lốp xe
W02530.mp4,nổ mìn
W02531.mp4,nổ súng
W02532.mp4,nồi
W02534.mp4,nồi cơm điện
W02535.mp4,nổi bật
W02536.mp4,nổi dậy
W02537.mp4,nổi giận
W02538.mp4,nổi nóng
W02539.mp4,nối tiếp
W02540B.mp4,nội dung
W02540N.mp4,nội dung
W02540T.mp4,nội dung
W02541.mp4,nội quy
W02542.mp4,nội tiếp
W02544.mp4,nông nghiệp
W02546.mp4,nông thôn
W02548.mp4,nốt ruồi
W02549.mp4,nơ
W02551.mp4,núi lửa
W02550.mp4,nơi chốn
W02554.mp4,nước mắt
W02555B.mp4,nước Việt nam
W02555N.mp4,nước Việt nam
W02555T.mp4,nước Việt nam
W02556.mp4,Oa-sinh-tơn
W02558.mp4,ô ăn quan
W02557.mp4,óc
W02559.mp4,ô nhiễm
W02561.mp4,ô tô
W02564.mp4,ốc vít
W02565.mp4,ôm
W02567.mp4,ốm đau
W02569.mp4,ôn luyện
W02570.mp4,ôn tập
W02571.mp4,ổn định
W02572.mp4,ông già
W02575B.mp4,ông ngoại
W02575N.mp4,ông ngoại
W02575T.mp4,ông ngoại
W02576B.mp4,ông nội
W02576N.mp4,ông nội
W02576T.mp4,ông nội
W02577.mp4,ống nghe
W02578.mp4,ống nhòm
W02579.mp4,ống nước
W02580B.mp4,ở ngoài
W02580N.mp4,ở ngoài
W02581.mp4,ở trong
W02580T.mp4,ở ngoài
W02582.mp4,Pa-ki-xtan (nước Pa-ki-xtan)
W02583.mp4,Pê-ru (nước Pê-ru)
W02584.mp4,pha cà phê
W02585.mp4,pha chế
W02586.mp4,pha lê
W02587.mp4,phà
W02589B.mp4,phá
W02589N.mp4,phá
W02589T.mp4,phá
W02597B.mp4,phản bội
W02597N.mp4,phản bội
W02597T.mp4,phản bội
W02598.mp4,phản động
W02600.mp4,phản xạ
W02602.mp4,phao
W02605.mp4,pháo hoa
W02606.mp4,pháo sáng
W02608.mp4,phát biểu
W02609.mp4,phát động
W02610.mp4,phát hiện
W02614.mp4,phân công
W02615.mp4,phân loại
W02616.mp4,phân số
W02617.mp4,hai phân số bằng nhau
W02618.mp4,phân số thập phân
W02619.mp4,phân số tối giản
W02620.mp4,phân tích
W02626.mp4,giữ nguyên
W02628.mp4,phần trăm
W02630B.mp4,phấn (viết bảng)
W02630N.mp4,phấn (viết bảng)
W02630T.mp4,phấn (viết bảng)
W02631.mp4,phấn đấu
W02634.mp4,phấn trang điểm
W02635.mp4,phấp phới
W02637.mp4,phật (tượng)
W02640.mp4,phép mầu
W02641.mp4,phép tính
W02643.mp4,phê bình
W02644.mp4,phễu
W02645.mp4,phi công
W02647.mp4,phi ngựa
W02648.mp4,phi tiêu
W02649.mp4,phích nước
W02651B.mp4,phiên dịch
W02651N.mp4,phiên dịch
W02651T.mp4,phiên dịch
W02654B.mp4,Phi-líp-pin (nước Phi-líp-pin)
W02654N.mp4,Phi-líp-pin (nước Phi-líp-pin)
W02654T.mp4,Phi-líp-pin (nước Phi-líp-pin)
W02656B.mp4,phim hoạt hình
W02656N.mp4,phim hoạt hình
W02657.mp4,phim tài liệu
W02656T.mp4,phim hoạt hình
W02658B.mp4,phim truyện
W02658N.mp4,phim truyện
W02658T.mp4,phim truyện
W02660.mp4,phong bì
W02661.mp4,phong cách
W02662.mp4,phong kiến
W02665.mp4,phong trào
W02666.mp4,phong tục
W02667.mp4,phòng âm nhạc
W02668.mp4,phòng bệnh
W02670.mp4,phòng chức năng
W02669.mp4,phòng chống
W02672.mp4,phòng đa năng
W02675.mp4,phòng học tin học
W02677.mp4,phòng máy tính
W02678.mp4,phòng mĩ thuật
W02679.mp4,phòng thí nghiệm
W02680.mp4,phòng thư viện
W02682.mp4,phòng y tế
W02685.mp4,phô tô
W02686.mp4,phổ biến
W02689.mp4,phố
W02690.mp4,phố cổ
W02691.mp4,phố cổ Hội an
W02693.mp4,phổi
W02696B.mp4,phở
W02696N.mp4,phở
W02696T.mp4,phở
W02697B.mp4,phở cuốn
W02697N.mp4,phở cuốn
W02697T.mp4,phở cuốn
W02698.mp4,phơi quần áo
W02699.mp4,phù hợp
W02702.mp4,Phú Thọ
W02701.mp4,phủ nhận
W02704.mp4,phụ huynh
W02707.mp4,phục hồi
W02709.mp4,phục vụ
W02710.mp4,phun nước
W02712.mp4,phức tạp
W02713.mp4,phương hướng
W02714.mp4,phương pháp
W02715.mp4,phương tiện
W02716B.mp4,phương tiện giao thông
W02716N.mp4,phương tiện giao thông
W02716T.mp4,phương tiện giao thông
W02718.mp4,pi-a-nô (dương cầm)
W02721.mp4,quả
W02722.mp4,quả bầu
W02724B.mp4,quả bưởi
W02724N.mp4,quả bưởi
W02725.mp4,quả cam
W02724T.mp4,quả bưởi
W02728.mp4,quả chanh
W02729.mp4,quả chôm chôm
W02730.mp4,quả chuối
W02731B.mp4,quả dưa hấu
W02731N.mp4,quả dưa hấu
W02731T.mp4,quả dưa hấu
W02732B.mp4,quả dừa
W02732N.mp4,quả dừa
W02732T.mp4,quả dừa
W02733B.mp4,quả dừa xiêm
W02733N.mp4,quả dừa xiêm
W02733T.mp4,quả dừa xiêm
W02734.mp4,quả đất
W02735.mp4,quả địa cầu
W02737B.mp4,quả đu đủ
W02737N.mp4,quả đu đủ
W02739.mp4,quả gấc
W02737T.mp4,quả đu đủ
W02740.mp4,quả hồng
W02741.mp4,quả hồng xiêm
W02742B.mp4,quả khế
W02742N.mp4,quả khế
W02742T.mp4,quả khế
W02744.mp4,quả lê
W02745.mp4,quả mít
W02746.mp4,quả mướp
W02747.mp4,quả na
W02748B.mp4,quả nhãn
W02748N.mp4,quả nhãn
W02748T.mp4,quả nhãn
W02749.mp4,quả nho
W02750.mp4,quả ổi
W02751.mp4,quả ớt
W02752.mp4,quả quất
W02753.mp4,quả quýt
W02754B.mp4,quả roi
W02754N.mp4,quả roi
W02754T.mp4,quả roi
W02755.mp4,quả sầu riêng
W02756.mp4,quả su su
W02757B.mp4,quả táo
W02757N.mp4,quả táo
W02758.mp4,quả thanh long
W02759.mp4,quả vải
W02760.mp4,quả xoài
W02761.mp4,quá cảnh
W02762.mp4,quan điểm
W02763.mp4,quan hệ
W02765.mp4,quan tâm
W02766.mp4,quan trọng
W02769.mp4,quang hợp
W02771.mp4,quàng khăn
W02772.mp4,Quảng Bình
W02773.mp4,quảng cáo
W02774.mp4,Quảng Ngãi
W02776.mp4,quát mắng
W02775.mp4,Quảng Ninh
W02777.mp4,quạt cây
W02778.mp4,quay cóp
W02779.mp4,quay phim
W02780.mp4,quà
W02781.mp4,Quảng Nam
W02782.mp4,Quảng Trị
W02783.mp4,quạt treo tường
W02784B.mp4,quân đội
W02784N.mp4,quân đội
W02786.mp4,quần âu
W02787B.mp4,quần bò
W02787N.mp4,quần bò
W02787T.mp4,quần bò
W02789.mp4,quần yếm
W02788.mp4,quần đùi
W02790B.mp4,quận
W02790N.mp4,quận
W02790T.mp4,quận
W02794.mp4,quét dọn
W02795.mp4,quét nhà
W02797B.mp4,quê
W02797N.mp4,quê
W02798.mp4,quên
W02797T.mp4,quê
W02799.mp4,quốc ca
W02800.mp4,quốc gia
W02801.mp4,quốc hội
W02802.mp4,quốc khánh
W02804.mp4,đề phòng
W02805.mp4,quốc tế
W02806.mp4,Trần Quốc Toản
W02807.mp4,Quốc Tử Giám
W02808.mp4,quy định
W02809.mp4,quy đồng mẫu số
W02810.mp4,quy nạp
W02811.mp4,quy tắc
W02812.mp4,quý giá
W02813B.mp4,quyền lợi
W02813N.mp4,quyền lợi
W02813T.mp4,quyền lợi
W02814B.mp4,quyết định
W02814N.mp4,quyết định
W02814T.mp4,quyết định
W02815.mp4,quỳ
W02816.mp4,quý hiếm
W02818B.mp4,quyển vở
W02818N.mp4,quyển vở
W02818T.mp4,quyển vở
W02820B.mp4,quyết tâm
W02820N.mp4,quyết tâm
W02820T.mp4,quyết tâm
W02823.mp4,ra lệnh
W02825B.mp4,ra ngoài
W02825N.mp4,ra ngoài
W02825T.mp4,ra ngoài
W02828.mp4,rách
W02831.mp4,rạch
W02832.mp4,rào chắn
W02833.mp4,rạp chiếu phim
W02835.mp4,rau
W02836.mp4,rau bắp cải
W02837.mp4,rau cải
W02839.mp4,rau cải thảo
W02841.mp4,rau dền
W02844.mp4,rau mùng tơi
W02847B.mp4,rằm trung thu
W02845.mp4,rau ngót
W02847N.mp4,rằm trung thu
W02847T.mp4,rằm trung thu
W02848.mp4,răng
W02849.mp4,răng cưa
W02851.mp4,râu
W02852.mp4,rẽ phải
W02853.mp4,rèn sắt
W02855.mp4,reo hò
W02854.mp4,rèn luyện
W02856.mp4,rễ cây
W02857.mp4,rễ chùm
W02858.mp4,rễ cọc
W02859.mp4,rế
W02860.mp4,riêng biệt
W02861.mp4,riêng tư
W02862.mp4,rình mò
W02864B.mp4,rõ ràng
W02864T.mp4,rõ ràng
W02863.mp4,rìu
W02865N.mp4,róc rách
W02866.mp4,rón rén
W02867.mp4,rong biển
W02868B.mp4,rong chơi
W02868N.mp4,rong chơi
W02868T.mp4,rong chơi
W02870.mp4,rổ
W02872.mp4,rộng lớn
W02873.mp4,rộng rãi
W02874.mp4,rơi
W02875.mp4,rơm
W02876.mp4,ru ngủ
W02877.mp4,rụng tóc (đt)
W02878.mp4,ruộng bậc thang
W02879.mp4,ruột già
W02880.mp4,ruột non
W02883.mp4,rút gọn
W02884.mp4,rút gọn phân số
W02885.mp4,rửa bát
W02886.mp4,rửa chân
W02887.mp4,rửa mặt
W02888.mp4,rửa tay
W02892.mp4,rừng núi
W02893.mp4,rừng rậm
W02894.mp4,rừng thưa
W02895.mp4,rước đèn
W02897B.mp4,rưỡi
W02897N.mp4,rưỡi
W02897T.mp4,rưỡi
W02898B.mp4,rượu
W02898N.mp4,rượu
W02898T.mp4,rượu
W02900.mp4,sách
W02901.mp4,sách giáo khoa
W02902.mp4,sách toán
W02903.mp4,san hô
W02906.mp4,san sẻ
W02912.mp4,sản xuất
W02915.mp4,sáng chói
W02916.mp4,sáng kiến
W02919N.mp4,sao
W02918.mp4,sáng tạo
W02919T.mp4,sao
W02921.mp4,sao chép
W02922.mp4,đỏ thắm
W02923.mp4,sáo
W02926.mp4,sau
W02925.mp4,Sapa
W02927.mp4,say sưa
W02931B.mp4,sắp xếp
W02929.mp4,săn bắn
W02931N.mp4,sắp xếp
W02932B.mp4,sắt
W02931T.mp4,sắp xếp
W02932N.mp4,sắt
W02932T.mp4,sắt
W02934.mp4,sấm chớp
W02935.mp4,sấm sét
W02936B.mp4,sân chơi
W02936T.mp4,sân chơi
W02937.mp4,sân khấu
W02938.mp4,sân nhà
W02939.mp4,sân thượng
W02940B.mp4,sân trường
W02940N.mp4,sân trường
W02940T.mp4,sân trường
W02941.mp4,sân vận động
W02943.mp4,sâu
W02944.mp4,sâu bọ
W02945.mp4,sâu răng
W02946.mp4,sâu thẳm
W02947B.mp4,sĩ diện
W02947N.mp4,sĩ diện
W02948.mp4,siêng năng
W02949.mp4,siêu âm
W02951.mp4,siêu thị
W02952.mp4,siêu tốc
W02953B.mp4,sinh đẻ
W02953N.mp4,sinh đẻ
W02953T.mp4,sinh đẻ
W02954.mp4,sinh động
W02955.mp4,sinh hoạt
W02956B.mp4,sinh sản
W02956N.mp4,sinh sản
W02956T.mp4,sinh sản
W02957.mp4,sinh sống
W02958.mp4,sinh tố
W02960.mp4,sinh vật
W02961.mp4,Sóc Trăng
W02962.mp4,soi
W02964.mp4,son môi
W02965.mp4,song song
W02967.mp4,sóng biển
W02968.mp4,sóng thần
W02970.mp4,sổ đầu bài
W02972.mp4,sổ điểm danh
W02974.mp4,sổ tay
W02975.mp4,số bé
W02979.mp4,số chẵn
W02981.mp4,số chín
W02987.mp4,số đo
W02989.mp4,số lẻ
W02990.mp4,số liền sau
W02992.mp4,số lớn
W02991.mp4,số liền trước
W02996.mp4,số thập phân
W03005.mp4,sông Hồng
W03008.mp4,sốt
W03010N.mp4,sơ đồ
W03010T.mp4,sơ đồ
W03011B.mp4,sơ mi
W03011N.mp4,sơ mi
W03011T.mp4,sơ mi
W03014.mp4,sợi
W03015.mp4,sợi chỉ
W03016.mp4,sợi dây
W03017.mp4,sợi len
W03018.mp4,sơn
W03021.mp4,súc miệng
W03023.mp4,sum họp
W03024.mp4,suối
W03025N.mp4,suy nghĩ
W03025T.mp4,suy nghĩ
W03031.mp4,sự thật
W03034.mp4,sửa chữa
W03036B.mp4,sữa bò
W03036N.mp4,sữa bò
W03036T.mp4,sữa bò
W03037B.mp4,sữa bột
W03037N.mp4,sữa bột
W03037T.mp4,sữa bột
W03038B.mp4,sữa dê
W03038N.mp4,sữa dê
W03038T.mp4,sữa dê
W03039.mp4,sữa đặc
W03040N.mp4,sữa hộp
W03040B.mp4,sữa hộp
W03040T.mp4,sữa hộp
W03041.mp4,sữa rửa mặt
W03042B.mp4,sữa
W03042T.mp4,sữa
W03043.mp4,sức khỏe
W03042N.mp4,sữa
W03046.mp4,sừng
W03047.mp4,sừng bò
W03048.mp4,sừng trâu
W03050.mp4,sương gió
W03051.mp4,sườn
W03054.mp4,tác dụng
W03055.mp4,tác động
W03056.mp4,tác giả
W03058.mp4,tác phẩm
W03059.mp4,tách
W03061.mp4,tai
W03060.mp4,tách lớp
W03062.mp4,tai nạn
W03064.mp4,tài năng
W03063.mp4,tài giỏi
W03067.mp4,tài trợ
W03070.mp4,tái phát
W03071B.mp4,tái phạm
W03071T.mp4,tái phạm
W03071N.mp4,tái phạm
W03073.mp4,đảo Trường Sa
W03074.mp4,tam giác
W03075.mp4,tạm biệt
W03076.mp4,đảo Hoàng Sa
W03077.mp4,tán thành
W03084.mp4,tát
W03081.mp4,tạo dáng
W03085B.mp4,tàu hoả
W03085N.mp4,tàu hoả
W03085T.mp4,tàu hoả
W03086.mp4,tàu ngầm
W03088.mp4,tàu thủy
W03087.mp4,tàu thuyền
W03089.mp4,taxi
W03095.mp4,tay phải
W03090.mp4,tay
W03097.mp4,tay trái
W03099.mp4,tặc lưỡi
W03100.mp4,tăm
W03103.mp4,tâm thần
W03105B.mp4,tấm vải
W03105N.mp4,tấm vải
W03105T.mp4,tấm vải
W03110.mp4,tập hợp (Toán học)
W03107.mp4,tấn công
W03111.mp4,tập hợp rỗng
W03112.mp4,tập làm văn
W03115N.mp4,tập thể
W03116B.mp4,tập thể dục
W03116T.mp4,tập thể dục
W03117.mp4,tập trung
W03118.mp4,tập viết
W03121.mp4,Tây Bắc
W03123.mp4,Tây Nguyên
W03124.mp4,Tây Ninh
W03129N.mp4,tên là gì?
W03129T.mp4,tên là gì?
W03130N.mp4,tên riêng
W03131N.mp4,Tết Âm
W03131T.mp4,Tết Âm
W03132N.mp4,Tết Dương
W03132T.mp4,Tết Dương
W03133N.mp4,Tết Thiếu nhi
W03134B.mp4,Tết Trung thu
W03134N.mp4,Tết Trung thu
W03134T.mp4,Tết Trung thu
W03135.mp4,tha
W03136.mp4,tha mồi
W03138B.mp4,tha thứ
W03138N.mp4,tha thứ
W03138T.mp4,tha thứ
W03139.mp4,thả diều
W03140.mp4,thả mồi
W03141.mp4,thác
W03148B.mp4,thái độ
W03148N.mp4,thái độ
W03148T.mp4,thái độ
W03150.mp4,Thái Nguyên
W03153B.mp4,tham dự
W03153N.mp4,tham dự
W03153T.mp4,tham dự
W03154.mp4,tham khảo
W03155.mp4,tham lam
W03156B.mp4,tham quan
W03156T.mp4,tham quan
W03156N.mp4,tham quan
W03160.mp4,thám tử
W03163.mp4,thản nhiên
W03164.mp4,thán phục
W03165.mp4,cầu thang
W03167B.mp4,tháng
W03167N.mp4,tháng
W03167T.mp4,tháng
W03168.mp4,Thanh Hóa
W03171.mp4,thanh niên
W03172.mp4,đường ray xe lửa
W03173.mp4,thành công
W03175.mp4,thành lập
W03175B.mp4,thành lập
W03175N.mp4,thành lập
W03175T.mp4,thành lập
W03180.mp4,thành thạo
W03181.mp4,thành thị
W03185.mp4,thành viên
W03186.mp4,thánh địa Mỹ Sơn
W03191.mp4,tháo gỡ
W03196.mp4,thắc mắc
W03192.mp4,tháp
W03193.mp4,tháp Rùa
W03197B.mp4,thăm hỏi
W03197N.mp4,thăm hỏi
W03197T.mp4,thăm hỏi
W03199.mp4,thăng bằng
W03201.mp4,thẳng hàng (Toán học)
W03202.mp4,thẳng tắp
W03203.mp4,thắng lợi
W03204B.mp4,thân cây
W03204N.mp4,thân cây
W03204T.mp4,thân cây
W03205.mp4,thân hình
W03207.mp4,thân thiết
W03208.mp4,thân thiện
W03210.mp4,thần chết
W03211N.mp4,thần kinh
W03214.mp4,thận
W03215.mp4,thấp hơn
W03216.mp4,thấp nhất
W03219.mp4,thập thò
W03221.mp4,thật thà
W03222B.mp4,thầy cô
W03222N.mp4,thầy cô
W03222T.mp4,thầy cô
W03223.mp4,thầy cúng
W03224B.mp4,thầy giáo
W03224N.mp4,thầy giáo
W03224T.mp4,thầy giáo
W03228.mp4,theo dõi
W03229.mp4,theo đuổi
W03230.mp4,thẻ
W03232.mp4,thét
W03233.mp4,thề
W03237.mp4,thế hệ
W03238.mp4,tri kỉ
W03239B.mp4,thế nào?
W03239N.mp4,thế nào?
W03239T.mp4,thế nào?
W03240.mp4,thêm
W03241.mp4,thềm
W03242B.mp4,thêu
W03242N.mp4,thêu
W03243B.mp4,thi cử
W03243N.mp4,thi cử
W03243T.mp4,thi cử
W03247.mp4,thị giác
W03248.mp4,thị lực
W03251B.mp4,thìa
W03251N.mp4,thìa
W03251T.mp4,thìa
W03252B.mp4,thích thú
W03252N.mp4,thích thú
W03252T.mp4,thích thú
W03254.mp4,thiên đình
W03256.mp4,thiên nhiên
W03258.mp4,thiên thần
W03262.mp4,thiếp đi
W03263.mp4,thiếp mời
W03265B.mp4,thiết kế
W03265N.mp4,thiết kế
W03265T.mp4,thiết kế
W03268.mp4,thiệt thòi
W03269.mp4,thiếu nhi
W03270.mp4,thiếu niên
W03272.mp4,thím
W03276.mp4,thoát hiểm
W03278.mp4,thóc (gạo)
W03281.mp4,thổi
W03282.mp4,thổi bóng
W03283.mp4,thổi kèn
W03285.mp4,thông báo
W03286.mp4,thông cảm
W03288B.mp4,thông minh
W03288N.mp4,thông minh
W03288T.mp4,thông minh
W03289.mp4,thông qua
W03291.mp4,thông thường
W03292B.mp4,thông tin
W03292N.mp4,thông tin
W03292T.mp4,thông tin
W03294.mp4,thống nhất
W03297.mp4,tuổi thơ ấu
W03299.mp4,thờ cúng
W03300.mp4,thở dài
W03303.mp4,thời gian biểu
W03305.mp4,thở
W03306.mp4,thợ kim hoàn
W03308.mp4,thợ rèn
W03309.mp4,thợ thêu
W03314B.mp4,thơm
W03314N.mp4,thơm
W03314T.mp4,thơm
W03316.mp4,thu mua
W03317.mp4,thu nhỏ
W03318.mp4,thu thập
W03319.mp4,thù lao
W03320B.mp4,thủ công
W03320N.mp4,thủ công
W03320T.mp4,thủ công
W03321B.mp4,thủ tướng
W03321N.mp4,thủ tướng
W03321T.mp4,thủ tướng
W03323B.mp4,thú dữ
W03323N.mp4,thú dữ
W03323T.mp4,thú dữ
W03324N.mp4,thú y
W03324B.mp4,thú y
W03324T.mp4,thú y
W03327B.mp4,ngữ pháp
W03326.mp4,thuận lợi
W03327N.mp4,ngữ pháp
W03327T.mp4,ngữ pháp
W03328.mp4,thúc đẩy
W03329B.mp4,thuê
W03329N.mp4,thuê
W03329T.mp4,thuê
W03330.mp4,thùng
W03331.mp4,thủng
W03334.mp4,thuốc bổ
W03333.mp4,thuốc bắc
W03335.mp4,thuốc lá
W03339B.mp4,thuỷ điện
W03338.mp4,thuộc lòng
W03339N.mp4,thuỷ điện
W03339T.mp4,thuỷ điện
W03341.mp4,thuỷ thủ
W03342.mp4,tinh trùng
W03344.mp4,thủy chung
W03345B.mp4,Thủy Điện Hòa Bình
W03345N.mp4,Thủy Điện Hòa Bình
W03345T.mp4,Thủy Điện Hòa Bình
W03347.mp4,thuyền chài
W03349.mp4,thuyền rồng
W03350.mp4,trưởng thành
W03351.mp4,thuyết phục
W03352.mp4,thuyết trình
W03354.mp4,thư giãn
W03355.mp4,mục đích
W03357.mp4,thứ tự
W03359N.mp4,thừa
W03359B.mp4,thừa
W03359T.mp4,thừa
W03361B.mp4,Thừa Thiên – Huế
W03361N.mp4,Thừa Thiên – Huế
W03361T.mp4,Thừa Thiên – Huế
W03364.mp4,thực hành
W03365.mp4,thực hiện
W03366.mp4,thực phẩm
W03367.mp4,thực sự
W03368.mp4,thực tế
W03369.mp4,thực vật
W03370.mp4,thương (số)
W03371.mp4,bùng binh
W03373B.mp4,thương yêu
W03373N.mp4,thương yêu
W03373T.mp4,thương yêu
W03377.mp4,tỉ lệ
W03379.mp4,tỉ mỉ
W03380.mp4,tỉ số
W03381.mp4,tỉ số phần trăm
W03383.mp4,tí hon
W03386.mp4,tia chớp
W03387.mp4,tia nắng
W03388.mp4,tia số
W03390.mp4,tích (số)
W03391.mp4,tích cực
W03392B.mp4,tiếc
W03392N.mp4,tiếc
W03392T.mp4,tiếc
W03393.mp4,tiệc
W03394.mp4,tiêm
W03405.mp4,tiến sĩ
W03398.mp4,Tiền Giang
W03407.mp4,tiện nghi
W03409B.mp4,tiếng Anh
W03409N.mp4,tiếng Anh
W03409T.mp4,tiếng Anh
W03414.mp4,tiếng nói
W03416.mp4,tiếp nhận
W03418.mp4,tiếp theo
W03419.mp4,tiếp thu
W03421N.mp4,tiếp tục
W03421B.mp4,tiếp tục
W03421T.mp4,tiếp tục
W03422N.mp4,tiết kiệm
W03422B.mp4,tiết kiệm
W03422T.mp4,tiết kiệm
W03424.mp4,tiêu cực
W03425.mp4,tiêu diệt
W03426.mp4,tiêu hoá
W03427.mp4,thụ phấn (hoa)
W03430.mp4,tiểu học
W03431.mp4,tim
W03433B.mp4,tìm hiểu
W03433N.mp4,tìm hiểu
W03433T.mp4,tìm hiểu
W03434.mp4,tím tái
W03435.mp4,tin cậy
W03436.mp4,tin học
W03437.mp4,tin nhắn
W03438.mp4,tin tức
W03445.mp4,thần kì
W03447.mp4,tình cảm
W03448.mp4,tình cờ
W03449.mp4,tình huống
W03450B.mp4,thương yêu
W03450N.mp4,thương yêu
W03450T.mp4,thương yêu
W03451.mp4,tình yêu
W03452.mp4,tĩnh lặng
W03454.mp4,tính cách
W03455.mp4,tính chất
W03456.mp4,tính chất bằng nhau
W03457.mp4,tính chất cơ bản của phân số
W03458.mp4,tính chất giao hoán
W03459.mp4,tính chất kết hợp
W03461.mp4,tính nhẩm
W03463.mp4,tính toán
W03464.mp4,tính từ
W03466.mp4,to lớn
W03467B.mp4,tò mò
W03467T.mp4,tò mò
W03469.mp4,toa lét
W03471B.mp4,toa xe
W03471N.mp4,toa xe
W03471T.mp4,toa xe
W03472B.mp4,toà án
W03472N.mp4,toà án
W03472T.mp4,toà án
W03473.mp4,tòa soạn
W03474.mp4,tỏa hương
W03476.mp4,toàn cầu
W03479.mp4,tóc xoăn
W03480.mp4,tóm cổ
W03481.mp4,tóm lược
W03482.mp4,tóm tắt
W03486B.mp4,tô màu
W03486N.mp4,tô màu
W03486T.mp4,tô màu
W03488.mp4,tổ chim
W03491.mp4,tôn trọng
W03492.mp4,tôn thờ
W03494.mp4,tổ tiên
W03495.mp4,tổ trưởng
W03501.mp4,tôn trọng
W03502.mp4,tổng (số)
W03503.mp4,tổng hợp
W03505B.mp4,tổng thống
W03505N.mp4,tổng thống
W03505T.mp4,tổng thống
W03507.mp4,tống tiền
W03508B.mp4,tờ báo
W03508N.mp4,tờ báo
W03508T.mp4,tờ báo
W03509B.mp4,tờ giấy
W03509N.mp4,tờ giấy
W03509T.mp4,tờ giấy
W03512.mp4,tờ tiền
W03513.mp4,Trà Vinh
W03514.mp4,trách mắng
W03517.mp4,trại giam
W03519.mp4,trang trí
W03524.mp4,trà
W03525.mp4,trả (đt)
W03526.mp4,trả lời
W03528.mp4,trách nhiệm
W03531N.mp4,trái nghĩa
W03531T.mp4,trái nghĩa
W03534.mp4,trạm xe buýt
W03535.mp4,trạm y tế
W03536.mp4,tràn ngập (nước)
W03537.mp4,trang phục
W03543.mp4,tai nạn giao thông
W03542.mp4,tranh luận
W03544.mp4,tránh thai
W03545.mp4,trao tặng
W03550N.mp4,trăng
W03550B.mp4,trăng
W03550T.mp4,trăng
W03552B.mp4,trắng muốt
W03552N.mp4,trắng muốt
W03552T.mp4,trắng muốt
W03554.mp4,trầm trồ
W03553.mp4,trắng tay
W03560.mp4,quạt trần
W03562.mp4,trần nhà
W03568.mp4,tự (tự làm)
W03571B.mp4,tre
W03571N.mp4,tre
W03571T.mp4,tre
W03573.mp4,trêu
W03576.mp4,trí khôn
W03575.mp4,trêu tức
W03587.mp4,triều đình
W03578.mp4,trí thức
W03585.mp4,triều cường
W03593.mp4,trình bày
W03599.mp4,trò chơi
W03594.mp4,trình độ
W03602N.mp4,trọc đầu
W03602B.mp4,trọc đầu
W03602T.mp4,trọc đầu
W03603.mp4,trói tay
W03605.mp4,tròn trịa (mặt)
W03606.mp4,trong sáng
W03611B.mp4,trong ngoài
W03607.mp4,tròn
W03611N.mp4,trong ngoài
W03614.mp4,trọng tài
W03612.mp4,trong suốt
W03611T.mp4,trong ngoài
W03618.mp4,trộm cắp
W03615.mp4,xe tải
W03619B.mp4,trốn chạy
W03620B.mp4,trông chờ
W03619N.mp4,trốn chạy
W03619T.mp4,trốn chạy
W03620N.mp4,trông chờ
W03621.mp4,trông coi
W03620T.mp4,trông chờ
W03622B.mp4,trông nom
W03622N.mp4,trông nom
W03622T.mp4,trông nom
W03624.mp4,trống
W03626.mp4,trộn (đt)
W03629.mp4,trở thành
W03632.mp4,trú mưa
W03633.mp4,trục hoành
W03634.mp4,trục tung
W03635.mp4,trục xuất
W03636B.mp4,trụi lá
W03636N.mp4,trụi lá
W03636T.mp4,trụi lá
W03637.mp4,trùm chăn
W03638.mp4,trung bình
W03641.mp4,trung điểm
W03642B.mp4,Trung Quốc (nước Trung Quốc)
W03642N.mp4,Trung Quốc (nước Trung Quốc)
W03642T.mp4,Trung Quốc (nước Trung Quốc)
W03643.mp4,trung tâm
W03644.mp4,trung thành
W03645B.mp4,Trung Thu
W03645N.mp4,Trung Thu
W03646.mp4,trung ương
W03645T.mp4,Trung Thu
W03648.mp4,trúng thưởng
W03649B.mp4,trúng tuyển
W03649N.mp4,trúng tuyển
W03649T.mp4,trúng tuyển
W03650.mp4,truyền dịch
W03653.mp4,truyền thông
W03654.mp4,truyền thống
W03657.mp4,trực nhật
W03659B.mp4,trứng
W03659N.mp4,trứng
W03659T.mp4,trứng
W03663N.mp4,trường tiểu học
W03663T.mp4,trường tiểu học
W03665.mp4,trực tiếp
W03666.mp4,trưng bày
W03669B.mp4,trước
W03669N.mp4,trước
W03669T.mp4,trước
W03673B.mp4,trường mầm non
W03672.mp4,trường hợp
W03673N.mp4,trường mầm non
W03673T.mp4,trường mầm non
W03674N.mp4,trường PTCS (cấp 2)
W03674B.mp4,trường PTCS (cấp 2)
W03674T.mp4,trường PTCS (cấp 2)
W03675B.mp4,trường THPT ( cấp 3)
W03675N.mp4,trường THPT ( cấp 3)
W03675T.mp4,trường THPT ( cấp 3)
W03676.mp4,trưởng nhóm
W03678.mp4,tù giam
W03682.mp4,tụ tập
W03683.mp4,tuân lệnh
W03685B.mp4,tuần
W03684.mp4,tuân thủ
W03685N.mp4,tuần
W03685T.mp4,tuần
W03689.mp4,tủi thân
W03692.mp4,túm tóc
W03696.mp4,tung tăng
W03698.mp4,tuổi thơ
W03699.mp4,tuốt lúa
W03700.mp4,tuỷ sống
W03701.mp4,tuyên bố
W03702.mp4,tuyên ngôn
W03708.mp4,tuyệt vọng
W03711.mp4,từ đồng âm
W03710.mp4,từ bỏ
W03712.mp4,từ ngữ
W03713.mp4,từ phải sang trái
W03714B.mp4,từ trái nghĩa
W03714N.mp4,từ trái nghĩa
W03714T.mp4,từ trái nghĩa
W03715.mp4,từ trái sang phải
W03717B.mp4,tự do
W03717N.mp4,tự do
W03717T.mp4,tự do
W03719B.mp4,tự lập
W03719T.mp4,tự lập
W03719N.mp4,tự lập
W03720B.mp4,tự tin
W03720N.mp4,tự tin
W03720T.mp4,tự tin
W03722B.mp4,tự vệ
W03725.mp4,tươi cười
W03722N.mp4,tự vệ
W03722T.mp4,tự vệ
W03727B.mp4,tưới cây
W03727N.mp4,tưới cây
W03727T.mp4,tưới cây
W03728.mp4,nước tương (xì dầu)
W03730.mp4,tưởng
W03729.mp4,tương ứng
W03732.mp4,tưởng tượng
W03732B.mp4,tưởng tượng
W03732N.mp4,tưởng tượng
W03732T.mp4,tưởng tượng
W03734.mp4,tượng
W03735.mp4,tượng đài
W03738.mp4,u ám ( trời u ám)
W03740.mp4,ung dung
W03741.mp4,ủng
W03742.mp4,ủng hộ
W03744.mp4,UNICEF
W03745.mp4,uốn
W03746.mp4,uốn cong
W03749.mp4,úp
W03747.mp4,uốn dẻo
W03748.mp4,uốn tóc
W03750.mp4,ủy ban
W037511.mp4,ủy ban nhân dân
W03751B.mp4,ủy quyền
W03751N.mp4,ủy quyền
W03751T.mp4,ủy quyền
W03752.mp4,ức chế
W03757.mp4,ưu điểm
W03758B.mp4,ưu tiên
W03758N.mp4,ưu tiên
W03758T.mp4,ưu tiên
W03759.mp4,va chạm
W03762.mp4,vác
W03761.mp4,va li
W03765.mp4,vạch trần
W03766.mp4,vạch xuất phát
W03767.mp4,vai
W03768.mp4,vai trò
W03770.mp4,vái lạy
W03771.mp4,vái tứ phương
W03773.mp4,vạm vỡ
W03777.mp4,vàng (kim loại)
W03778.mp4,vàng bạc
W03780.mp4,vào
W03781.mp4,vào lớp
W03782.mp4,vào mùa
W03782B.mp4,vào mùa
W03784.mp4,vá xe
W03785.mp4,vạt áo
W03787.mp4,văn bản
W03786.mp4,văn
W03791.mp4,Văn miếu Quốc Tử Giám
W03793B.mp4,văn nghệ
W03793N.mp4,văn nghệ
W03793T.mp4,văn nghệ
W03794.mp4,vắn tắt
W03795N.mp4,vắng
W03795B.mp4,vắng
W03795T.mp4,vắng
W03797.mp4,vắt cam
W03796.mp4,vắng lặng
W03799B.mp4,vấn đề
W03799N.mp4,vấn đề
W03799T.mp4,vấn đề
W03800.mp4,vận chuyển
W03801.mp4,vận động
W03804.mp4,vận tốc
W03805N.mp4,vầng trăng
W03805T.mp4,vầng trăng
W03806.mp4,vật
W03809B.mp4,vật nuôi
W03809N.mp4,vật nuôi
W03810.mp4,vây bắt
W03809T.mp4,vật nuôi
W03812.mp4,vẫy tay
W03813.mp4,vẫy vùng (cá)
W03814.mp4,vé
W03819.mp4,vệ sinh cá nhân
W03820.mp4,vênh váo
W03821.mp4,vết thương
W03823.mp4,vi khuẩn
W03825B.mp4,vì sao?
W03825N.mp4,vì sao?
W03825T.mp4,vì sao?
W03826.mp4,vĩ cầm
W03827.mp4,vĩ đại
W03828B.mp4,ví dụ
W03828N.mp4,ví dụ
W03828T.mp4,ví dụ
W03829.mp4,vị ngữ
W03832.mp4,vị trí
W03835.mp4,việc làm
W03840.mp4,viện bảo tàng
W03842.mp4,viết lia lịa
W03841.mp4,viện nghiên cứu
W03846.mp4,Vĩnh Long
W03847.mp4,Vĩnh Phúc
W03848.mp4,vịnh
W03849.mp4,vịnh Hạ Long
W03851.mp4,Võ Nguyên Giáp
W03852.mp4,vòi voi
W03853.mp4,vòng đeo tay
W03854.mp4,vòng quanh Trái Đất
W03855.mp4,vỏ
W03856.mp4,võ thuật
W03858.mp4,vòi nước
W03859.mp4,mái vòm
W03860.mp4,vòm lá
W03861.mp4,vòng cung
W03862.mp4,vòng đời
W03863.mp4,vòng tròn
W03864.mp4,võng (cái võng)
W03865.mp4,nhiều vô cùng
W03866.mp4,vô lí
W03867.mp4,vô lo vô nghĩ
W03868.mp4,vô tâm
W03869.mp4,xa vô tận
W03870.mp4,vô tư
W03871.mp4,vô ý
W03872.mp4,vô ý thức
W03873.mp4,vồ
W03875.mp4,vỗ cánh
W03881.mp4,vở chèo
W03878.mp4,vội vã
W03876.mp4,vỗ tay
W03882.mp4,vỡ
W03884.mp4,vớt
W03883.mp4,vỡ lòng
W03885.mp4,vũ công
W03887.mp4,vua Hùng
W03886.mp4,vũ trụ
W03888T.mp4,vui chơi
W03888B.mp4,vui chơi
W03888N.mp4,vui chơi
W03889N.mp4,vui mừng
W03889B.mp4,vui mừng
W03889T.mp4,vui mừng
W03890B.mp4,vui sướng
W03890N.mp4,vui sướng
W03890T.mp4,vui sướng
W03892.mp4,vui tính
W03894.mp4,vun đắp
W03903.mp4,vùng vẫy (dành cho người)
W03908.mp4,hình vuông
W03909.mp4,vuốt tóc
W03911.mp4,vuông góc
W03912.mp4,vững chắc
W03917.mp4,vườn thú
W03924.mp4,vượt trội
W03925.mp4,xa cách
W03930B.mp4,xà phòng
W03928.mp4,xa xôi
W03930N.mp4,xà phòng
W03930T.mp4,xà phòng
W03931B.mp4,xà phòng giặt
W03931N.mp4,xà phòng giặt
W03931T.mp4,xà phòng giặt
W03933.mp4,xả rác
W03935B.mp4,xã hội
W03935N.mp4,xã hội
W03935T.mp4,xã hội
W03936.mp4,xách túi
W03938B.mp4,xanh xao
W03938N.mp4,xanh xao
W03938T.mp4,xanh xao
W03940.mp4,xác chết
W03939.mp4,xã
W03941.mp4,xác định
W03945B.mp4,cây xanh tươi
W03943.mp4,xách nặng
W03945N.mp4,cây xanh tươi
W03947.mp4,xăm
W03948.mp4,xăng
W03945T.mp4,cây xanh tươi
W03949.mp4,xăng-ti-mét (cm)
W03951.mp4,xăng-ti-mét-vuông (cm2)
W03950.mp4,xăng-ti-mét-khối (cm3)
W03953.mp4,xâm lược
W03956N.mp4,xây
W03956B.mp4,xây
W03956T.mp4,xây
W03959.mp4,xe đạp
W03958.mp4,xây nhà
W03960.mp4,xe ben
W03961.mp4,xe máy
W03962B.mp4,xe cảnh sát
W03962N.mp4,xe cảnh sát
W03962T.mp4,xe cảnh sát
W03964B.mp4,xe cứu hỏa
W03965.mp4,xe cứu thương
W03964N.mp4,xe cứu hỏa
W03967B.mp4,xe khách
W03967N.mp4,xe khách
W03968.mp4,xe lam
W03967T.mp4,xe khách
W03973.mp4,xé rách
W03969.mp4,xe lu
W03971.mp4,xe cẩu
W03974.mp4,xem xét
W03975.mp4,xen
W03976.mp4,xẻng
W03978.mp4,xếp
W03980.mp4,xếp hàng dọc
W03979.mp4,xếp hàng
W03981.mp4,xếp hàng ngang
W03983.mp4,xếp hình
W03982.mp4,xếp hàng ưu tiên
W03986.mp4,xích đạo
W03991.mp4,xinh
W03990.mp4,xin lỗi
W03992.mp4,xinh xắn
W03993.mp4,xóa bảng
W03995.mp4,xoá bỏ
W03996.mp4,xoáy
W03999.mp4,xóm làng
W04000.mp4,xô
W04001.mp4,xôi
W04003.mp4,xông hơi
W04006.mp4,xu (tiền)
W04007.mp4,tóc dựng đứng
W04010B.mp4,xuất hiện
W04010N.mp4,xuất hiện
W04010T.mp4,xuất hiện
W04011.mp4,xuất khẩu
W04013.mp4,xúc xắc
W04014.mp4,xung đột
W04016.mp4,xung phong
W04017.mp4,xung quanh nhà
W04019.mp4,xuống
W04023.mp4,xứ Nghệ
W04025B.mp4,xưa
W04025N.mp4,xưa
W04025T.mp4,xưa
W04028.mp4,xương rồng
W04031.mp4,Y-Éc-Xanh
W04034.mp4,y tế
W04035.mp4,ý chí
W04038N.mp4,ý nghĩa
W04038B.mp4,ý nghĩa
W04038T.mp4,ý nghĩa
W04039.mp4,ý thức
W04040.mp4,ý tưởng
W04041.mp4,yếm
W04043.mp4,Yên Bái
W04044.mp4,yên bình
W04046.mp4,yên lòng
W04048.mp4,yên tâm
W04056B.mp4,tôi yêu bạn
W04056N.mp4,tôi yêu bạn
W04056T.mp4,tôi yêu bạn
W04057B.mp4,yêu cầu
W04057N.mp4,yêu cầu
W04057T.mp4,yêu cầu
W04058B.mp4,yêu mến (yêu quí)
W04058N.mp4,yêu mến (yêu quí)
W04058T.mp4,yêu mến (yêu quí)
W04059B.mp4,yếu
W04059N.mp4,yếu
W04059T.mp4,yếu
W04060.mp4,yếu tố
W04061.mp4,công văn
W04062.mp4,vá quần áo
W04063.mp4,hoan hô
W04065.mp4,trả thù
W04066B.mp4,môn Địa lý
W04066N.mp4,môn Địa lý
W04066T.mp4,môn Địa lý
W04068.mp4,con trai
W04069.mp4,đệm
W04070.mp4,gù lưng
W04071.mp4,ai bảo
W04072.mp4,hãng ô tô
W04073.mp4,ngôn ngữ kí hiệu
